{"file_hashes":[{"block_hashes":["6ZylmSU0LjrkydQYu3e6NHTRiv7EoLapQZLhHgGF/8Y="],"block_size":4096,"path":"annou.html"},{"block_hashes":["47DEQpj8HBSa+/TImW+5JCeuQeRkm5NMpJWZG3hSuFU="],"block_size":4096,"path":"background.html"},{"block_hashes":["qN3p5XZU73px+85uF2pW1s5meBfqO+OvhtnR4a8OyDA=","oYv3rDdKvYg8vOqbHLEf+q6wRBymPrL8CcMEM8n777Y=","ePHOHN8D1V000Zo6zYFTn4jL6s5N2q6YfRqv/EHylOs=","YWMI4YyHmLzK5oz2AFzVCsv4MmGH5Fwyg68Htk6y9SA=","ohX+zATUbGFYKBaLNHzRzUFnipUQPTHdm+BIPoCqULs=","IopE7BeOZAcoPMnRsYGvX07D0z9cQBWjvGUiaso6Nck=","YV4efsrRIifF0rRrk9ulLMztA8JQFTyN/eayrke4cgI=","yQfnxO1pFPhNfULXR42GKtEcO+vgRUWEKxel9A7VRdY=","5DQ5VbARroHU8cA07HZRMoar83IlYIplgWFbnb4CK2U=","SgTm6w2zJX26p3JkoT5OHnMhfhPfXHp3K137aJFk9a4=","GM3da5ZC6XrQmfCpZugWsd8WBtQaEqlnQ+XtALyOf+E=","smtNTiAokM7Dq7PerrK4Pu33mpWnTFhkKORy0cHY55s=","RG7C2MEOityCAjSumr9EwAi0paOWPogt4TdrkRWfX1M=","tS0cGZa5OrF9y8RqWYe6CXpatVvuYw3lESW+nsMU6EQ=","B+GKjPg7JdIn3etzP6G7/J3C/qlcoBvtt7jSqV4X7nY=","50ioS2uXHNzP9GXu721i5onXMlmA1E7HrpybynOgsgk=","ajs/ekB3/EOeUZ3HjB1xQYq15cbxHpd4BEzRpbhA9j4=","Vjbm/oQJwtR7XaQbtibtb8wxWJsBJVf3h+CTiXi3gTE=","ftelrX0JlXZoxi62cT6WDX0XQbtoPxlzl1NCngAAzAQ=","4dh4vZDcIShXYny5CRX5mDlrlhnH5hT9XVHFZArOw58=","/WVYm1mK9Qny9a60FHxuVlfpl66ee5zdmngXzbE2EkE=","ZJnAK+uV/nxePE6vINoRyKlcpYSziH1zjsR+8wMU+U4=","lSECXvqDI2hHA/xwvYiMsPeZdN7LNKn+q9Z1NDr0k2A="],"block_size":4096,"path":"js/jquery.min.js"},{"block_hashes":["CwdClCjaIWkc7tbydpTDG1b/OsKNG3wXlkzQTlgcbPY="],"block_size":4096,"path":"js/jquery.qrcode.js"},{"block_hashes":["7XQsXbDyyFgJyWl7dEuXYUmb+lX9g+S6zwR1Y/6Wzlg="],"block_size":4096,"path":"js/qr.js"},{"block_hashes":["C0VEl9XvBbBb22MQx9GNfWVLIF2L9Frfc5lSU3sit90=","fr3pYbxNY7sg4MjmJFL82tlTp2OcmFWiQ4Q4De12P5I=","LsgRygUxPjAacoD5IJl2jxaHk234AD7RcR0I/mXZm6o=","fLxskVf+EK4uxJO76Y+zhjBXNZKSbFnwGQeElDHABm4=","iBH89UjEpTWCfRkXXdSDaZM+ZyRSazyYMIvi+RehT8M=","DJ6QtBWlX7wUST0GkJLKN/318isTAfDKvZj5UtLPIEA=","KcOZw52HTpjObBklEpdKH477zSE9hltUbHMY7ivpaHs="],"block_size":4096,"path":"js/qrcode.js"},{"block_hashes":["mDo8vjTcZDHLI6h4Oti41LwIiCuif1gSnEWu2Hlpa4k=","VGbQ8m7WzuARA5FcuBqzoSPDUPBZSog03Idvi0Wy7GI=","gRVVKdxsvMNUR6mI0L2jsIwOQab1gOcqodaeNeMQsQI=","SYcmfIuWn9OaanLH7TkYFVX8SbKX69WK2zXJy+VzDtk="],"block_size":4096,"path":"logo_148.png"},{"block_hashes":["GT02OVL4PJ8l6UEwAkjsIMUWmkEYmwKMsYRi2I17cw8="],"block_size":4096,"path":"popup.html"}],"version":2}