{"file_hashes":[{"block_hashes":["tkerHgUuqUiXA4G0D9f1cyrDneUVrYpfooMkZ+q+Sl4="],"block_size":4096,"path":"components/text-option.html"},{"block_hashes":["0zjM6veQuiOa/0hCNHcdIhSu2WghXUH1PwIHm+oKEa4="],"block_size":4096,"path":"css/main.css"},{"block_hashes":["mG/lK1iWMPwWq58DA0BNoIA1LDCC2qlbqLeN5Auoyg4="],"block_size":4096,"path":"css/popup.css"},{"block_hashes":["CTKmrUog+j0TfGqs8sXbyM4hNgb2ItTcMxK4r8XMw38="],"block_size":4096,"path":"images/on.png"},{"block_hashes":["6tzgCvR9a1k9p2vaJ6jGFuERpRb6Hc1cWMC1kUz5YgM=","83nD2N0DoHvINiFFsxR2zK5FIFtwR/P++uKmB+Evt0Q="],"block_size":4096,"path":"js/background.js"},{"block_hashes":["EoFHlqal0FHcnwS5+4peeY4pcmg46r1q33o60TtKCCA="],"block_size":4096,"path":"js/chromereload.js"},{"block_hashes":["RtQEt5afMoRUnQ9wsy/GY6B4vK2uEH0V+1gQb1HlEZA="],"block_size":4096,"path":"js/options.js"},{"block_hashes":["90fpNlfR36prsYz+czb8cGTR4j3O9lhnz8uNKt3I1kM="],"block_size":4096,"path":"js/popup.js"},{"block_hashes":["UPuWxBcmn87mos2X0gSaCfDzT8d/ZAwMM6N5i2PzHlQ="],"block_size":4096,"path":"options.html"},{"block_hashes":["c5Cq2/LWflDLjB4TMiO5e1aI956ZzosgdSP4P6VhEx0="],"block_size":4096,"path":"popup.html"},{"block_hashes":["L8UBPXK9wOVi5kb8fjSPNrdvdYv+DlYkY9HNvtZB3U4=","GymTFhrZyYmXWqQhTGGwk2vGlQv2osqR/Nx1O2SbPec=","n4qd//C8jMC9Km4fgndI/DvWcUqRRBOlFdGm/Ymq+Mg=","YA/14P2u2LlR8fXFS0lo5iY+hSa4K//9dX8rZZqBtzQ=","KWZ3OZri0PesgHewtm9zFUyYCU6M9i61kqDJygv3690=","dh9ALpxxHewEIfC/ZFyqq5wZedIEkE/rA0Mqass2srU=","Y6JR7j3dHDKnj93o79scpGeyEJlxUuTLCHYVvEJXX1w=","efUpcg8BbKM2m9Bl301ElOvWnyRamjTdnH9Mx59hetY=","K3lZc+biF+QRV8rA/qxDxBIwIgTSTaUuntXSt1vVaGQ=","arNRPYQLxVYctyxekoBN2wgzqKOm9kL6BNSpnG1dLTA=","h2ReH2kcYKyu84xixZvI4HaomzNizVWYQT7a4VCrVH8=","ONqEw5bKQsVeFKgn2XAlWz2c3SWX+wer3lxfMaVSw/A=","FxB+Nes4Y0mHhi5KjVucH5LNkxADAXRJEKYBZ3sKCHM=","AHkomjAqS3WH9zMbRS1ASBR06GOzeU4geJAfZc2fU5w=","YFo5YLR4cRfe1jEjsbP7dSkIH4V0cRxrfZS+TLvTfU0=","gRKmBvdeuZpuyb7atZJUi03512Gq6tNRHTkAfctuhe4=","HuWpZvTZhVKYPqFLUElqUSgmjAIcu0q4T1MMDLbOMqA=","5n1MQmZUV2PQcWu/M0MEAGAm3+LG37TRjcTLf6yhd2Y=","/0/LVlsxInPkZxg5jNtWk6ygQL8mlfkw8F++L1dvwA4=","R4wcvspx98trQWdatkR0IFxtyZ2oagU0l+cfs1+okoE=","tgqchtmIMahefzBqUm+YeJuoUR8nsQvMPy64MMPySxY=","9FQjPDWNtRi6XYZNPxP2mDgxfihuyIi2QPoYBjG3t5E=","TV29E/rGJKq4s2j4Y0JqG8dYSxeZERRl5QNYRw6QDGU=","ZsC0+qU1Nb25RWTUhROsDFp5VlXT50TNFPVMfMitLOs=","hhiA9P+hxC/EOJy7AZadM7awI7NyQgC5KR2L64L3wA4=","hksgiZ5eRPPmPiRcGkDQf43HIFmcrQMRkguH+vJV8pg=","HR2DTG3UqyX67Uthr3No68GbRDadwxmbhwO+bUC1Jps=","0PoK6guCaFTY7P0Y4CPmbt950L4I4L6WfoHvEczvePE=","XB9CuY/xAEgKm+wwRyq19q4R3Ow/h5x49NMiJRITvEo=","xiTIsZm5ZMOPIqC2v0unRfcuIUss4keKGmkilXHbTIk=","k2LiaZ4kzYZRoH08b3rix9y+iXoafek0Zbhnrx7rHNw="],"block_size":4096,"path":"vendor/css/ionic.min.css"},{"block_hashes":["bhdZZMwutUNd9UUhcjefbEURCnA05Doq3i7xURb+7LY=","AMdgJ/oXHl/9sWF2Dxw4FPJqoCmU6deLkXSBQvJZYyM=","7+p3lNkjuGDreUuZRD3EisCnfmMHL3vaCBjxBW5Q4ns=","n5NyFb26tnvGHdcAUvNPfJQ/ptWYbxCXqZmytG6YJxE=","APuF1AdSQJwXnA1ckKCZhHR7dr3pStit7dCY2vu64UY=","n9l+myq+p4hP8+5SfzWauwTAa2y1xPc9HbdWBe00RyE=","0GwUWEQGtjtq9P+iZpCaEoC4QOqn9eADyJKPDaBIHb4=","ZfFnrVB9JJN8nJfe2k9CmvnaVdjvrvTN20TTUAm32qQ=","lVkzSxGsaZQuchDQsOM7Dd+ij622+0D5DvcNcOCrwrU=","1GmfxeBc7xnTzifb+dzAeFMj4W2LDtV2khK9ast13eA=","xoSDb4dqp8J0B6AyOKrO2v160abAbZeCWTEI0bXV1yQ=","7QkG35or42FRgeyBCTrdi4M+V/nGNivVhSzD50Gk5b0=","iL0lVDT89aADERZMQXos5YjSZrzBo3qYXhXMfYQhyWM=","5nbj7jHMrIrWRRSvt5layNjybyGzeZj2pU2KXs19t+g=","0aa50fXGckEOUCPLgW3wcVPQwPQncF45RyJ3eDzpcXA=","uo1gKV4IfNbiJOQ8v24DaxmeoqMI2M/CFplU6fRrA/Y=","LHnYLx6kb5WQUb1GI3CAd7LytRw+jJiG3itURBNhPms=","KNUDYnuwiV4WEbiVJzS+vz5C1FtKGQ9TrAC6I2VjSsI=","W9nwMC1MoyZvuZcF0JrrqOhh/iTqoPou8uCIdDCQ3/E=","6hwggc1Sc1jG1B9BZ2BrFMWMxrSJdbZFuGnDRxpa248=","in0N2WUVQqY9tAbdAvHJW26t4eob4xqQtMegK4K6jkQ=","K0UMKnQEY21lujLdHOLL1e0qrGglF0uiRHAyjukO4I4="],"block_size":4096,"path":"vendor/fonts/ionicons.eot"},{"block_hashes":["T54fnMwtr1PUDhbyGBZ5MoA75TnCVmHzAksk336LfI0=","Q0zsKcVegWE5L8uZnv4nF4iYQj4sR4JnZI4vcZBpWKI=","X5j4fBn+ao3RjBDkpGf6Bzr6vrlv3h2UBU6P76rCQFA=","isQIW838sQi+vVLZbzbjUN6h0deWl7irz2f4efimMxU=","RtyfNRxzxPKQhj+7hHoPfA5ojttU+t4ROjhGrkCdK98=","+o27rfZ7BetYQKcRLuTJ726jbpu38Ce1iHWZ6SjKabk=","nlaSE+mFKFBN6bBXkOIXpOrFCaIvfM0TUW9UtOyPG3g=","wZry0wUtT1E//EqNDaTqp8pm7WEZ71nPXfj/xG6PCgg=","OT6LXHbgNWaqrvxm+fgJrktOyMrueNsyuomdiVUWX/M=","ODzUoelUrJYmB/m5XdHmMtVhW0B2JN8VT+FAoCA6aWM=","QHgGcATvrcIknzIOlIv3dn8d74SsPMRnf9Oq00zIfH8=","NNsrLedwgcHZnXkt4Bq/wcSRIFfOQYWsN0+c/oJShy4=","9+/FYNvAZ4coHS7/WQ5708iZlGeYjJosdb7C8RaFXvk=","cZ/SDaCNiSqQYLvKaP+tzNKcanF71QkYBxRXByinlRE=","gALJ1hqGgQghIiNSqXKVwycdzUGeRT/HHA3Q9tNNOQ0=","oumjy8MBLwG5eXVIZn8H5znFq0rFkOqoqRK+FTAB9R8=","+/Od+plKJPrOqgyyEs7EvbuOJ8s/G/3G50nHMx7E4OU=","NVLGuGgbWp4JGpJJmeTXkxlwaZTRo6MSZ2As5GHBtC8=","OQ1W9tS8r9F9/j9Q763vdUwwNwkj75gTVoE0B6zh7Z0=","I44E7jHHvlXUbuuMm3+nhYoJ5V7eCqarqjur2nTFBzo=","DFFZb158DrPHhOyHJnInoJpMgy04dLO/D7W2eXwCq7Y=","RIWBgbBe05spx9+z9Dc/jHnkUV3mbO3jaDGtdUiVAtE=","C1uqt4koJ8QLDP38607H6Zi3LgEbmUFJoUNrKyN1HG0=","SAYusLiKfTm5JDrfmTO4WPzZGGQc2eFgl/RVYlGIDdg=","Mw32FkqH5kJgQBTQtE/mQ8Hvan5Niu46r1aEKS4XUCo=","oav0nfh2TSnt/P8DHzk3z9GqAC6f6hCS9mC38DufkHU=","j86vjYpQfX9BGX+JGhKxwd2GhB6yPzFri3LeGkxfrpM=","h5t951ZCrqNKNNXhHIggZCpRDCXv+9eTV7Rj1JTXkzs=","jE8+jGJXolyvjd5mIhNCH7O0KtdgGOmdnGcit8UnehU=","4abNz6xnXF+cUdkMdcuKIyShnv8hC/k8nHanW+d6YJg=","wCAIFRawug+K3mW/JsFyIAjmqcMB/FPDduoEVZ0PNqk=","KjkQNHukq/RcU05CP/BbJPexd9O5EgWdlD/JO34z2Tk=","99XVBk3icgr33MGR6DQjXkpgCcR3PtRslRBvJa7BbNk=","tCHtWNFHKss5E1j5Oc1EqeHuYwQIqsPhxSzLoHlVzVo=","I10HagdZ0TI9/XpGqbS5s6jt/8jrn8apOThQGLwHKNI=","bIYzkv7OwHct99lBLwz0dOb7vBo0xJ6d+q/6NZju0LM=","YIBeSXXi9axag2ASSeOVUdSOBOWX8Bkrsd5G2vUi3lU=","rpcKN/Ofq+941hz6fHiRh/YSOfkoJpKWtukzbAfQQuw=","10TRiUNw81avWkcmrtKaItGmTM6qldv7KcuD7tF8sDE=","8pmpWwgeqP8P8XLhDygeTns6fKjkXbJ05lU/VdOhE1k=","Nx+3oEBFrodAKUO9FUFmFOlD9JdY56I17mbzrUk+ZJY=","bIn1EunfYX0o+K6HDUpgvWyf6Phyr/j/bJavs3dnQoU=","3t21FUT7JhS33aR1JkMh91Rgt9jJFRbeHcta2/n+Za8=","9Ry0v6a/EiY0FdwWUf7qXlXxk0Iu4devJUwTHH00Zik=","IuHgwR6NokUNvdgvf+fkX7jqfY4qKdFaGVgsJD40Z5c=","9j8nkYwc5JngcpgpD34QXOq6R5dXvuZeYORDbF+3Uvw=","grvO7ty4lKrg1FWLD48E5uw1qZMzQU7zpkmk+x24ji8=","6Q4cogPBG/XAcTN/T1H19haAMEWxRj83O+P3ql6LrOI=","vrEAjP+QtKbFzm6hDDO99Qnx6Fs8WHizLW9OeVsws1A=","DhDNtXBo4Tzz8ufU80l6NhvaCzjK4LrzsingyogUHNs=","nQQld9Ch1zUWEey5OgDJgoUqHVHb25VoNrd1DVJ+rz4=","q+r//W5er9Nf2RCdCOFu4ASGIPl1yNyRp8bfPA7SdpI=","hf8jfOsv/rkSfE+DYyqpnpUCD8d5l3RhDbLH6MKCH9Y=","AeYCGIO3oTsb4PiioiF/3yLZuUZLaFHoc58yfZ3gTUU=","1y8LnX097Q2eZfO8Atap/X1nxqX9XXranZHgcQRHUuM=","5o1H+Rpw0bA9m4MIiTzmwjskTenUy+4XfJ30eeIjGB8=","34Qc2tbhhe/nuWEvl4lGZsRE8tkQY3J1n7j3AFOfWAY=","nNt/z7B6NX9AJcjTHJxgCPaQmMV1JRhRIp8rFoCWHY4=","jfUDffEvWZz9Q8KxtL4uF32opvsTjfsAqLMyvgiiMWg="],"block_size":4096,"path":"vendor/fonts/ionicons.svg"},{"block_hashes":["+4eqzyiZsZc0MkQ4Qg1F2nyZ6m66OU/gisdwsn41fTg=","qF7/+zh7VHYlmoJrkx6Kl85N+hfaiFl0EBzShg6psIk=","PT403HriQ+KgfgviZnRtuoD6horXNTCNuG53dK095kE=","G1hmKBFsl8k7LebXbS1Qrd+oVTVrz/7RzTY1sL3zt5Y=","3LwgSr8NuWNq6KqZ+etvWPvhma0CPZdj+SIAjAM1BF4=","hSgMcFg+yeK7D68jiJg1Xqa2SSRLXxsNgDK3Gr83mWI=","O1TLUJJgozbhkZyoOmtJ7BzQyAE4sUip8UION7rpvDo=","qRPQOfKGfqtvfVkR/WoGxyyCkUHguB+1ahXHCj5vyFs=","o0PL+08jahGsQs2xm4TnyhLj0eDXV9thzCwGWG3cNto=","l6lMgUIYuM8ZlQktuEE/Izg2Zbu+LHdlThN0s7HFCks=","+L3WmF5Iya9Ht2ZoyyJmYppqrVvESuL/xZMF41VAIXc=","3IDYXYjOGydzOFHkb0b7ScsZuMWo98EO0vG/eeGoOqg=","rfst0/wAa3nCPuNQWRQ9T5qZNRtGHnEn4Vy546RqcK4=","NK/dFbquJBYIvloC4bpY8/iXGINhTVuuTlunFakSBuk=","KZOrpvX3CKeYg7o9uTxBzg+jEGoRjZAu6ye2JmMVsnw=","Y9hXKBP4aimzrjZolwLuK88HxPg4Xw7KkFp0/DLUJWM=","CTsC6THajQbfs8i6pCqo89mchPLsGZflo4DMuYd7Y+0=","DfDWVtHKSMFjc1Y5vcj9NNmMDCO3YzlPd+j5H+i/ArI=","AMFZJ+YoMEJ0PB6tiA1j8Dj0g+nOxXAKaHIoqghqO3E=","95n0KvlqLAy+yXzIl5+mP2Dvg679FAuoJOYS5I1eMrM=","Th9l8BMm6v9Mg5YrtaHjItY+broJJ2rJFigmcar+vfM=","EGI9pDgiooo3yVr5GTabZLJrFppB9jHmizj5g1h16Bo=","DLqdcY2kwKp+fCXlkPO1wnTdRz4NDjR75bQ0uFjvzzQ=","QPX0j0T9aIx9Flbf6bBtz0OuyPOiwEtQZCLXDkRufcU=","TcMwjIkbK8yqfsdZPTTmmhikd73IWzW/fJr9v2mvBmg=","Hd3AggOdSsh8QsrRsexPvcMeAh9dJ6nRoEKNo4U/2EM=","XpaTImne8DQGfav3l7+OYmw7eCdcfIJwotoiEw5CuJc=","Ryv4JVpiK0TCcFZgRTmUxXCbnt1tFe39P8bFcWYp5bY=","W0sXosZI+CZHimpUEi23IOBmlBfAGaNqBcUB1VTfx1A=","3WiFx35hUaZ1nK5tTTpiWz48Y9hMdgkJca6RTqzDAxs=","m3mbSzcUc2f5CfTNtCOb/l11glYJ5DMtj3FAYruBBU4=","d4X0J8FjzlnVOlnqo1DFzGBHHh91P1XCrXolv1+mD+8=","3gtpv4u5Mwg5a8WWpfcoNlvAOeXs4LUR5A/j7Ms+hJ4=","/tItY9trnhyHdUwuzzZCnSsDGV+mlMRw4CjA9EXQ124=","IWhXEFxeOwR3012YsQJlUVnLWIYSy9ziWWyir2s13b0="],"block_size":4096,"path":"vendor/fonts/ionicons.ttf"},{"block_hashes":["2ej1ScHEjARK1I7UamGKzxSo5UVm7fEiVjXVLU5TcR4=","rVUF1R6sAnlXQUnoKVBGGjdt79GD2Q5Tw2mabECDVtw=","1CtTdM8bpzUeFRcekMox9oO92fzjklAuEMpSlwjmX68=","8KZHlpcYXR7ZjCLAcJUy8gLtSKCOqJTpzBHKHqQW2/w=","4dAmbqaVLZOw7jLF7iOswAEc4o8WBD2zp7j9hNGRwE8=","Oxe5GlaeQ5tMgpFvEkaRl2lCiw2uw7gwv0+dSNQ+tI4=","EopqG2Kw8oETYrww1ymuEoxtr5oJvzgsmx9OkerB5FE=","/WKrk3zxnrdyuWW3rmCFYFwbx9cuklYc1eCc6ta7Ye8=","BPt/Gkj5Z1gKpQluNF3a9eFB7uxVqht7kkeaTeA5Wi8=","1fUmX4wmUAw7lnW5H0exwfLshWmUdrruuZXJdrEJ53Y=","1lYppxieE63+2qWtAjAebiQrD8msU60YPfvbLzPnJhw=","9MuaxoeIbJM8thUH1t91KwqgrwIAJbYhvpyimpTGcO4="],"block_size":4096,"path":"vendor/fonts/ionicons.woff"},{"block_hashes":["NF4gbspDRRoTCs5QYL2rMpWKuAIdb7oQ8m+5VomKOGQ=","3XESdsL9bas68eGAHN+iBW5rdalKNffn4ROlCi6sqZ0=","7Pwgdh3z/MkoOfAatuebgZZ6/imwbo41WJEMR3AloPg=","wthRBtqSwnoTgqqinIg1ResvEFMDQ/d41VFCyQpAfQE=","IMPPeBn6qXy4Vu6QSxhCD3V9a4ObF4woMOxfEUqNHWQ=","btzYXeWtTubmJD2PHHyuELTcPnke5Sj5fsLJokkpIM4=","TcVrVoWpFnwr+PTsJIthMmCCVd93+F5Ew8sV5w+T2Vc=","hjnumasC5hk6GV1tKbz4qbaq+pY5r+KMjZYAMbYah0E=","LUxHw3+CuHanFAJaBpQL5u3nuSjXxjUl7AcfTIiwlDw=","u/Dn/ozAx4HPKToFHv0lC3QzG7Z1nyGVJksdmf/htNY=","NovQSuGUzeIJ8IWePPR1lWVc83pcIWcePc8Bsw8p3i4=","3xHui1A3g+9uSIjT8hb5AjL99rorr52fBSxCpac0tcI=","DMjHSNo2J3JaSjYjK6IYgSMivFUtgI5mzg8kjSheTLA=","QyPO+12Lt61sHQ3fR7ZEUOugMY4BFISSAlL+BIaF4IU=","vleyYowfYfEX88u0hbwpcHc9pAyvHulbTb6LcwNxbac=","YMF2OmKw47SE0YZocuefs4A2EAlePs/4G6i1s2RyA4M=","tbibk9GnaKKC4zf1g5dGFsgWC+KvECkMAgYMB0skfeo=","peEMh+AexE+vLlkKIExDIvPaXdkLUgMmMrvSiYUEQP4=","PsjDh7fYhstbgu5VNsIZrAL0HnxX3itessbY74mHP94=","SjECG/1fwjn5qz+Yl61ej9KGlTXUUS8lq2+9X+6hwnw=","MRmxgZSuLmPtmR4kBhcjVzVIwN+TGbZwpc8T5l1A8Ic=","0K4IaQ0TiLP/CMBeYkmKpNW3VyYupScMRaAv8ysp6Vk=","/Wb95y2p17vkR+u9DpVTspZ9ZSf3XyMw9ez+/hBYl/k=","TdDj8nKe0NjG9f9vQ/6XbqNNtHY2kxKW5UjotxoUiFE=","C9bZTphOpWJ7j4AYCtKamg5aH4z2o7G4XlPkSatwUeY=","8e594McyGAQ2mVatCrpExxX/r0Jtfq0d9rEhJjPqAss=","ExoT+h05QCOjoU/A6RKGkwThiNmDBL10nA1A+VTXDlg=","an2IPuR+iNdXXAO4yUMVYmRZnEhjhQbBM41GdROloTA=","ToiaT20eJJUM/RpfijF/RdUDBkFJGREbn/6iEuCFVPM=","trvc081IJdnNXdXGyvLf4YHUQuYHccuodmmxvJw/sGE=","UTzk3EVEuM4XENbNOpUWL1i/zLro+PCoAk/05a4L5+E=","BF6mqX1mLlVXRWgiELRglvnH+ZlMq49iGA/RVuKP214=","NnTyq6dHWQMCrz0Be+2Jw5334Etlc7VKTUYxmCiWP00=","6pi0y/Fds4cFXcZNAdFbuYVad+3vPjoFH0E+IVyiCCc=","Ro9yJpDTWuuRlSa7i3ugO+ZN/+agtVk+K0wzr/1ZSbY=","7mJOuzWTsFbQjt6Z4J6sM2w6exGEB6dXWuw6ip4wXvY=","lsR7+KyVMNHNq32xrWxj72WMLP3bJFyOHvHmy97T9Vo=","OHaJYzvWbdS5KN8/YTeW0hgpUwduLrkHv0d0vlw8JWs=","nDQxkAiFpKX8k+QG6Bx/8q3gPVg8ayvMs2EP6zVxLyc=","REYx0RQNup9SeFxOEb6g0JNY95V3u1nPvSKwr9yJF4I=","pTSLOoRfA06E3YxKQVFUj5J7L3rd0gI7HyR05ybBaEE=","TV/CP6o4YY0O098bqApQZTPkW08dcVb+NYX/J3PJW1c=","ZuX/7TSeVELc5pAI0lM8XHlZ0iS/xuOYiEs3u3UWwy4=","0gNxxtR4Z8PDtHe+N8vqs/hqYKxQKN9sFHmjDZ5PRQ4=","AVjrkjKtmTZCsTIkMjmEppuPiLeOrMtiW8bZtJCE7GY=","8HR8V+NS1BSP7ze0f4jnJ/KOFP+yD3Fp6JW36Rrd+fk=","YvUvIpLHFWtc9hnknq8Z9bnvBRjHe9gHT7w2oqBi5eI=","bhagLBgGVQJRsQGLC+AevhSf49jVMrEmCANW5UXGUCk=","3DFQSHynJgXLEYxoyIEuzIZGVLsx1ctOX5/7tZFF3uk=","7ywNmokbCGr7JDHGpsJqeD2SXfrSyjbKY+jv4hrQpdE=","s+S/NjtRKmD5RpaiDRxFDR+xVB5qLOkMmJKPIA5EVBI=","d4CxcvaKtY3QjPT48KI5+OhnNROzjm3KGEEXZ43OYB4=","0gpuhVIv/WhXhX/1a/pxhX4qZuT3eEJm+6ieRPYRydI=","oRmy12qTs7Cimlb8vKl4y3MemuDeiIwHhJaSZOpvqwA=","iZVS/F0yXbIG8yU/mPFkBr0+57kwntVw+LgxTZKeU3o=","BZOAqUmds5DEIaO/6K3hqXOEr1DSy7MHf3ka2ytO7WY=","afLEkSLS4KcW9R29s2UGXTPPOGNDIzx40WDos8ZcQog=","gMUwGgNox2liIbje5rTiMeVLA2imjZ0YFoPiaoSt6tU=","PTr4LKNW1s6s2046Ox05S6+WSd1KoSeAVS4omAGljow=","wjjkFM1IEILj6USwibUq+FfLbEkta3VoPB5a6pHd3HY=","asZAyAFCbo5GnnEIwtz2mYYstlYd1GY4TXKV8KAsKno=","RkYU91bFNY07+zVxpsR366nWIPE2tjsQYXZhnVMzvbQ=","Y4M4wW92L0bI3DQarl87jjjdbt2/Aw8KhMhNYQZhzes=","9dWNYJutmrPJgFcmtEh6adxda/DwkoeVCs0xMdCCvYo=","DBUxQu+lYnCd2gvzPImYS42EQWACRIQKO4lQfbczKrw=","d0jHKzxzFJ+IUVj9DZ1howk8BCmY5ONLxo2fWMt89jA=","V9gfwqQ0HxAyNhAq9CANYj/lE30GqQhBviPkgJj5iY8="],"block_size":4096,"path":"vendor/js/ionic.bundle.min.js"}],"version":2}