{"file_hashes":[{"block_hashes":["jHbs0g/yvgLo5HtInbfnEeBESlWHIfGjxmRiBAHhCAU="],"block_size":4096,"path":"AUTHORS"},{"block_hashes":["TwJIx2pFW+gi6OQNahZ9k6bsdw7lSVzovT1u1XEETEA=","+WZZTyNj7vKaky27VUYUy0Z98kRVoNpxUbCrNWacZA8=","pY/kmEIJVrL84lFA1YdLiX+HH69rvmkEqkSP3vkCCMY=","q/XmAoDx4TKe89bOpGDtLBGzRVFVKlI+FiRA/96in7M=","LDXiqAjZ/Lfy86U3Gox5GLFOt7ZazZvVhoxeQoEoenY=","TGwOzjImRbQIDTSo71tlq5qyd6metMZHg3Moyo1c27I=","JZ+x3gEeNdpupJumz82y94nMF91yFZEiMbo+DjSE12M=","9CHHSeSRlbC4EPkl3zaCpaoeLUYZgbIn+H0Dgl8g7kQ=","aDrNkBA6e36fhZ+YdqngU2cBvVbQnbpmcrDJ/OS4/kA="],"block_size":4096,"path":"COPYING"},{"block_hashes":["xHX4FZ4gch9lm/iDIvyQquL1aolCL8KLa57UOnSUzCw="],"block_size":4096,"path":"background.html"},{"block_hashes":["keSHFdIEeZstq7zLeTFwngVewAB1ag9vfJhJ1MitTwg=","5jBqgczJsCnWgKjFz6YK6AraiPbYs+r074VvS58Pwu8=","6fpMGTrBNG2adH1+e/r8ygJcQjZ9ywFX5Tjz3NYZFhE="],"block_size":4096,"path":"css/options.css"},{"block_hashes":["aNHmQp3Jc4f7TRna+V7CKF53o+bi5c6I6tPE3Zh3zR4="],"block_size":4096,"path":"css/popup.css"},{"block_hashes":["qEr7eRbgWc8JkYJBfH5sLs8r8IA1PZlnTwiyYSJx7rw="],"block_size":4096,"path":"img/icons/draw_omega.js"},{"block_hashes":["hISUYpklUyaicjw5Ugs2GRKPfHvEl4plyjjiV1zu73Y="],"block_size":4096,"path":"img/icons/omega-128.svg"},{"block_hashes":["L4FDT6V2Nq/LyKVdy1ZED+xxCQh4fSNhwDvtklKotdk="],"block_size":4096,"path":"img/icons/omega-action.svg"},{"block_hashes":["Co5juBnasr9RM+5ohOJGUP7cskvc19B/0RTXWSUr/ds=","vDG4BfxJbXMuFMJhpqvPEQj7NxsUzamZD4/qn/EaGsU=","0tYZ9Oh/1SZyB+vlbwqNAhN+6LhcB3d5Uean7DtnVXA=","5FoUH7owRGRK6QgWqU1+anE2C1GyZjfNnL3Mk3Q6bHA="],"block_size":4096,"path":"js/background.js"},{"block_hashes":["FQ4mZJAzw8pF22jJBkyLWcHFoV+OtLf8ME1euIv/YHI="],"block_size":4096,"path":"js/background_preload.js"},{"block_hashes":["EjB0Qp9+cKvDHn+KLd8EmFOraSWXNzuYZeslUJrnltY="],"block_size":4096,"path":"js/log_error.js"},{"block_hashes":["TAn7cQxL2UjbBVN1MCbfdgCAjm5oFMGfzqzb5WQAv94=","TBEvZqaCOfjHJcOLGQfdqf+U1GCIpkMDYzF4sK/LONY=","uUYK/WxocSgKDFaN7xzXtTmxAIoGcl1LkmltevDC/NY=","tCeD6jdmZVfKeZGhnJjZupUclVgj5hXgzI6jRwDUp2Q=","ob5dKRaJDxgIjxPXCYBKxoqod9O+Uy5iMaWq/5bb9uQ=","2fhI/yTD64AeFuVcK6DGYwWmnkGX9NhcksCf+rf6RVU=","7JrbMF3KayaoXOaHb34j6z2dImJMHk9REnOCLByW/mU=","E6p/3uu3Ah0YNM5JDZCVJ0awllfhE9V1vLTWghPxxKE=","rsLqLtjURtMHmb+JaSurEiYxecVtldncrHiPd2God1M=","Yp+o/0sa6o7nyN2MN67YyVmrAfkaKGh8DjpULUE/ERg=","JrVjTDcoz3e6Pl28Btb457iqu+rOKNKkqf9/1feUNhU=","xV+pYjoS/PMHmpua87DOe5M6JWFgGpAgk7BenpCWNOM=","+PfyObG/hAotrcRHufib79Z9qEVwRCWvgdDRGvrIfyQ=","z+PfKnv6WWOutnOZutR3dYxdj7uxQBxl70Onk8trG/c=","vNx/MJb8cR8DUcN8N+zxqvZSMVaAF5Ffacxd3554YZE=","DVeDjPy35mK0hiXyBDNlVrEWOFH7FTdvVOqCRKx6UaU="],"block_size":4096,"path":"js/omega.js"},{"block_hashes":["SF1kyzp1oxEcFkIi3lB58K5T7j+j44uIpgJ4xY4N/1A="],"block_size":4096,"path":"js/omega_debug.js"},{"block_hashes":["88B8mxUv76wPsWuvMZc5vbNJWvUrC/3fFj8fM5QwjjQ=","oE7PMFl11EhIRaRs7UEHLX8HLEAe4HN7xT8INF56U8s="],"block_size":4096,"path":"js/omega_decoration.js"},{"block_hashes":["x1xeCHQmVYKim1Ns1//e41vs1O8/tg0riTfjH54S/AQ=","gkVDLXGTEEH+WjHvyvCGi9+2TP5XT5nZIwHT8Z3lRLM=","i+JzSCv7PR7qZ5JGtXjRJoYtoywWFquxEI+Z4b652Nk=","9s3gnv/at0TkuvCt5BRfTkzDWzNTXW94bUs6gkAlVx8=","vg9cq4NfiOBwki7ugB+8jKNL0RogGperICj87pfqd4w=","BYjnQz7V+B/rBrDC6hlJxe3xvT4NGuoBMnb+QXEezcw=","5MPyPzPh8GfIfNJf+DMzrfw2R0Q5kfrY5ZP4mB9sdhQ=","f778PBd+YEc/Hgw1x7tyYtOsUf+vXlFBfvIv1+WBcts=","0mNuMcl2bhovZjZv45SsWvSd+OiEDe2mWIdvR9Tkn6Y=","Ckg168y0xYOzzTJtc8fmUgvcIuuARKvFc8SmMaYgDR4=","adAwp1ZIxrlQjDOz+yHcWzK3JoCNchvN2pt+9oi0UCg=","HP6pWzvLFqTzrZJMNcfNTFlL0tlEZUntiX9Mf5HaONc=","JTCilxd4Tarl+NFQumRwEK7GB1mDNr4lycNjLpLV7X0=","584VgQW0ITxs+GrzSuBO8hC3ixHXUDb9eQVOKBUKPX8=","3XewOMPNbnD+z+cyRg0exP22iWuABDxAzC4SWawVcYk=","fVt7b/zZLUQ1Dzanb5pNirvDM8DoQCb2evVH7zskxo4=","IBsD0KyO5IXMhutceWOwMyXehnL0WgzrkAemoXcEggw=","2X11Adru4JigUhMsjBRnN8aXBAJrsA5+qOeOiFGHSXk=","dCmJiApbE7nTwtwrIZy6AH+wAwwkRMNFKqE/Z78eDlY=","kggKSHK44fp5MlQ9CmxFx/l6hvtrR4J13qQnhvUZxYI=","fvYmMBUfc8cpcal/0b/flwLDX6GS/RQB69WRlfc1N/g=","e09y4NZH4PDNTiDHSLr8yB+62Zzc/xKX1VPj7xs7BVI=","t4TcMMK5FzSFuTWFPy18gDtVhXaz3nQ48b0okmv7t3I=","ByOCGUFOF9SuNA1cmaHsVu5u5XMCoT0voUAYYHIsDWA=","4VYuwkiWM3XICGYfLycbWcNZ98ppQmubnTpb1nZJsXI=","wdrNkl4D/ziNYze+NG23BFS79yNSXo9X8n+6l2HxSDA=","+bUKImRmcyoNcHb/0+gbedYcC2CtUAX4NxTgz4uqlik=","hVMrm61susAqrwh36LD8827vjXQDFqLvs+BpjxNdqkA=","Bj2j/15squSu504rD+/mnUe/o1QESJ6c7zX6EyMAT/w=","4bVZ9PsiMIEZYplM60UeBZDkPRPdZ2y1DRAgDMKRi14=","403eytK7GEr2RiToeRpDuXN0CHAsPg3gv+/T/uckmfI=","9i4KD7Xvsdvdq5ktLp+9BQ1xPzMohbm2jbjK4vyHRb8=","0XKtzztFLuSbw01a55gxCEvBJ0alF9ONuu08EBkaMTI=","WC33c0qCYjy5pAgwvmHDK75iMdvFCOMbfoKWVJx24VU=","KvhHY/FNahFCwOaak+S/p3Ma0aznxksefKwq9kifBzk=","QZl6xLeaafYcWD34dF00FhiGq56nlGh0BTkvw2AiqP8=","qoDFnQNfc19SVoykmfJomXgj8sIkgue9wigUg1k/bKE=","wDIABWnwjcCSsM6iiFhO/BGm3ju1Ddv4+6WxDI41i1A=","ObAmQ+sb1b2IE1irAkWrua40s/SwzGCZtxW6bbCSMRI=","owRNSotv30DTOLt8xKarRv9wGwIUq1GTb5Yh2Rf+uTQ=","Fv0cEGd8F+KaW9ARPgbE1etzo3oA4EgoW9FRxfuCzwQ=","DA2WHph6EALw/y9Y8qJNZYNBalEYETDZ+IPVXa4jvm4=","dgBUAqpb5kU+ZKZhpgJIU6X1n6VLSFgJOgdDNPLfqg0=","q81Gysi+1mdmbsxSjnnQbuesISA08bNBnERMi3RbGP8=","MWL0S4ABLdG/rzHwhu2FPsdnUI+i+T0WAV5KdQohqRg=","T7DRhonVo66u8e5ojIcP2AVqDGyDK6S18hteBa955xo=","spznN/VvnctF8ZXSbM6OF9p/bhURncmXlpOdXiER150=","E9z+SKqkgyWaAW1+9UzGaaHI52necOZABFyHjJAb9yQ=","n1Y3Nf6flKZymvW93sWkhkncBdbXVuiNugmmVCvNSO0=","O4x7saLvuvJoFuoolqXbHz5RizE3s7NWQ8BGU2ktJcs=","gSQyy9xNmuK61fsLQRmFT7FdBg/fAOOwg37x4hWv/7U=","2jab37sD+FZPVIiLSwLjb474/YKKgf4vnRwK8I5Y7IE=","j/SGEY7onCLNyxxvcYWgBaPQfnAROXlw12wEDmBR/h4=","uXrr5WfDdrWlEwVNNz4lMUTZNFte8JOuHhtn7s0uQ0I=","wKI55LPBtAGDVOt3fSCOcnTovdpqvnvb44mkVFAHqDE=","8njVI43JeEigYGwLfSyWSI3ItRoKjN2kFMzQg8eIzVo=","IrpfamNRdAZvaZPVeFbYV6lR5mUsitopd+InQeDDPko=","dkNetuY/dBh7THa67fOIBE04DhtmBH7T/g/kxulKCDM=","vycpbdNFFvVQjt3kTAQcE4bxJv8lWQZ4gyIgyb+Ymq4=","G6kRbtWhL8rBvL35AlWvglAmvnAfdP+CcsfdhOYhbTE=","AAA4mCCsNbvwZA53/1f+Q6nG4cnRpuP1z16PEhfp9yI=","jMqOA1qblRcS3O2FkNmGhTbhghvCWU+ltrNbCI0+dsw=","ArRp/GHEhay9L1cv6hQcxH5zw/C4eGCX5Mrn4lD5hb4=","o0Icl+ygQOCbgoaew4jkZWCg8V65H7jdgffRc60aq3w=","ng+od946QwtLci6HwDKl/+ptjFiWda+L6Ea5Qy2I6Po=","RKxCA4uHyhB9bi5AD/CXZynm1NTu+sug9J5NhSTT2oQ=","1JIW1kLYcBwDNGOD460pi7E8/q3C3E/3xZxr/sgzFmQ=","KGYV1S2jjRGqT9XVaFTpuXtGygaKRLs62x50Lycf0O8=","DyUkXO3nJ3vxVZBmdhaWTHPtoNqdVSEiXdO1flYXMRU=","mAaHRDjhi3Pdj2OUA7lAUf1PiK1CqKbNOQceykUwWMo=","GPcYd0Q6lA+kTg63Xa8fCFeGbQPw5fsPpdipIL4uTmE=","MQ2B7+PZzFjy39NeNTpkH5TGPbdm0ZMnqMnMJJR45xU=","pTDTRxBY7XQirhPF10xZ6qWJCtIWCg3/kwLdILqKP9s=","8Aiok7TG47gYdri63Mvg/3oLQ49IdArTy4QXiUV8Plc=","MQdm8aVel5ztAThdCSALCe5lO67+aznhGPajWXBWugA=","eFHiPGy0RlEA/SWLevPtPCVphHSvmyqPS6ufL2IV8fk=","VSnZS4rO3HDLQNF/wH29MMxCHmDgcocJggXxbleloqs=","0tge1fCCmEdO1ONkoYQjh7gpE5+rwJiohlJoT6lSA3M=","diwBOxUkOD7d/AguxZnw6YMjnX5KOSrTw/44L013M2U=","w4DLviqIUL3CcqvqXrbrwC1ZECTR8pwbcANhy7WdS4I=","Cwcmp1T3DLHmiAv0fKKnjTbqlH9pwhzTeE3YPutD7Js=","z70hDItk9ouAQR/CwX4JzQhndwGRC9gRLQ8WLr8wOus=","PPC3HxGQjCFh0mpNdIMu2BbeGi2M7jESCKnyZTW0zIc=","JFwT5cGwgJnYBsycXEIqch0pvbX+C1I5UJJ97y1kXXU=","m+//I1KpZzcVKqZPPnvVRrOVo2tmHLODDR3aluR5j2k=","J6ZaGYWhqv19BM2aGzxm/OV13STfzK5yut4Pcs0nsIQ=","La/6Z42DbzHlGeJokR4hBwjRgYCtWww4YSTw2prxdoI=","V4IAkZ9oJZA7EwkCR9wwTEk9xYAhwQa6/YlGeAor3ag=","W1wcVqZCt9BS7jaQV8CMV8s2YCqWay5KHrPM9T+BPeA=","ekj+3JjA3xWUPffzuPNQ3D3TQ9kNGVZbxkt3NXhwlas=","2+0krZJXHVPGhOoa0eELBxcU8+9VQ2UasIIaWISgTlk=","h02gt5sXENMMvJMKAEZWMmll7r097im6VnaptZi2w3c=","SJ+6msAubbCS48YZOTatAqK946G+bIj08epb9Mjidb8=","3t8ff+c4h0Je9F0zDDyn44eDiyF6roltx6AWXvYnFVU=","/xyKUF8o6lq9Ij7mZoOZ90xIHN4XczRDQ1hyMLzo+3A=","o2JhDUUmSnEBOtWuLTNqecYCQQv/GEVayvoc1nOWPF0=","CaIxfHgdZ5HySHduTAxs6J0Gw4H18R16SUdbIeZByBs=","M0r9D/Upvcw2vtNuA5M3hVFg4poa6BedqFdg16yiXns=","3apHyExdkF4CxIFH33pD/F+lZtg8DiZELd1FCosHjjQ=","BgEP3r+f3ZNrLh2BAVdLeTF5m6MhnIcaEUwwxR3WQQ4=","hhKbYaJQCPP5xp6i6aajDgv36p5uw48cXO33ouJxNoI=","hvvK0JDwZ2b5fP7i6gONuTHJJpiWypyS7C1k/yWxJl0=","HdpwrD1T1wc+5jcg6e/YwcoCIoPcHWC2MYVng0dAQo4=","bTdCaXbWUPbhhtx48K/DHM2Oiuuroxx1FtPSmDMRVSY=","UaKuBYZyo00RMA+pHwBFOu8tXWfwGIzdpfkKfLMD8Xw=","aXzdS6gpzID0BzMUMuWtIFajZmUfKZvo0OZsWRaaJ0A=","y45qh0DSZ3c+J5jF+hPyHVIWkhz87kIq9Iot4l4go6o=","F2KqzEV45D/W9bB9m0qu1b4Fyu3OcAoMM3g7wBnli4M=","hWkGG08SaFtDKv67NB7mpv/qMrVqJUvV6yXGPXcO960=","5FaLdeW5RmLog2D1sIlzeo1Q6y20k63LKRtpQTJbxL0=","dNOUejCoha8bkAbEfVYhjeQCJ7BnTWnNvjjw9q068S0=","8pOg9Wk4QjaY/1cd6Cv02sKrOqj/PXWEDGKS1M+zRyg=","26Il8MvzO+oqoz/YEwvy/ksu2B7VoqLH6LoIPex4WCs=","PBv/KjplKXgbbZR/9bxiTly3aPagcegfMBiyFzioRhI=","ssb/JqvsNdu00SLrHzsDyOMS+DP6GKc1c50YotCMyII=","7pDHApdm9y6uJPGj9jBibB2x0GGzvm0E690BU4xaCPc=","kSJnVlxwS+Pr0aAEZo1Fgaj66AM3HZPKrpnEYvWx9dE=","0f6hNeqW3vNu2hS6hZhEwEyDgC5dvEHrtjBkhHQzk2k=","daL71rCeg7Z620cfkMCP2NnOWpBElFUY0ZJYEBf6zVk=","BO5zJ3Y79KwQd4nw3eua/IcrhfxMr8ivPlErHnNH3nI=","jHMXJFh7tOxvwJtWKMzN5KiPRlYbz5lCKIFpr7Hki8M=","ANeSVQxot5CceymxLg2+6GztfTERKuNnPNk4ZtTUjzY=","pkRr3iCm7kvenThUbhPcpItHYnkf84rfgZ5na4ypoJc=","vhBb84x87l+A0+TvXF8ffNYu0HF+Jb64QAvcOcgO+ng=","nZbXdoDFH8vdErs+FSLAu7rsImf8Ab1pUWZr15KY67o=","3gFUhfTpAU6sAmz8g5mFzpotQ0BcLo5ps2h0GRXW5M0=","hde7XFee02saRJTz5+Nhcy8QFYhnfEtNlRN4mWo0PkQ=","VKFQckbL2QMGRrMHG/IuBee707AFf1fEZT+MZUjeGIY=","To5gPpMNDNutIWICTpy3x3L97IK60jp2MfpOTRZcz34=","eDFuKo2LMt4b2JruEL2kG2UK1/j7mivddMALlJrbPgo=","Jy/DYywaBBOGKL0areK7GFYniAaTX+0NJD5mfKHR/tg=","FWRClaTkwRLfRi8jNN5gFonFHTAO5+TigBWBSaHkln8=","p3XzJOm0rUZ5BdqzR78v1eY7nSnhQ2q3FRwKVwWRS+Q=","GX4aE4+jMGf/txONBN5McYBKCY4L2qmu8hDSZ2477XY=","PdV8CUPdcjcSf9AflzVACxFKGurxlG3fHJfdTh9iO3g=","SnYZdZm5YaxgEdGHJrXZlpDPIWE42bM3C1pizD0/cPc=","XHRmrj6d04TP/mt3qWHj//jSLJ6KbE1JwjEbZzXM4KI=","FsBa+a3h1Ngk+bRj2Vg9/FKyWyEm6SY0v3gAXPGuSP4=","CcAlGmF8vFzPz5VtQjEzYBBI2lTAMThj+ArQHj0odrU=","VLU8/qtmAzqt264fxVdx3/wbXV5wvYkQGByQm2XWaKs=","Hg+4m9ABR/GaAp3St7Zg5GCc3AzLFwB1gUbS1QlKDvg=","pjUJX7eWhHxFCRLt/8zumzG/uKtUxfLpa+TgJl4H7Ng=","d58V9gGv5Zye/kRvv8bEvjYx0yTbjglNSEzq0XZv2S8=","mr7juAuw0EzPUlh/KtafKB43TcG0Rx7NMKu85A4ifPQ=","yr7ANK/OUDB8B38ord3tp7++kgy1f5a2wuTxhMNuRuU=","VXjP3o4Bly5JPrpHdRfaFcCjfI6z+ta3Ikch/ubZOb8=","oYFGBbD8kd57oX6XPE3vomjzlWHOWd3VBWHG5CWp34g=","5TVJWd1w0zHVkJaDnTZuyQy0EeufEcVXi37uWuJ/z+E=","AcVpToZG5g5yZaCwKyvyfehPIZXCYAffo8TozWz0eyc=","GFhA4p18zbUeMdsuzz66oycHHqpdX/5xgt4jY2ojx2Q=","vle1UMed1TJp0MBQ/9f93WPGytUNE2Ck7glI9dTcFrw=","IB4BgIdM9mo+wo+9Of2kjk/SeeKv4DHUhWBW6cg2atk=","4j6rHSBxjC7dRBUoNEGVuUI7fQzazc+OB14dLdXlJ4Y=","Dyvf1jwzrRSeE9UVZY2D2pfVDA9ZCCJHOwiLXerGg8M=","LPF08TteQYywO6a7p+Bn44eu4xUB2/vA+4RfIILA+mE=","D8vRwTrSGN69kNN8j2VklszNsbx5QsxPpjT+pETkXo0=","c2JzVPFLRVfnJZd2hhztfRlXt9npB72qf6q1NrSo4bo=","1EjzzRDUWp4ywsR0mBpt45mqgE6q3c63fxujU6CZB1c=","gtIOzYoqUZoUlQWqedSpFrLQ3oNh3Q+W5iM7wvWbERE=","bnLmuMov//7u1eDVIP8d6RXO5wudr97Yj/i8UMW3bzM=","nsR4+otrosfrCbJ2MD6Er1Jlqttr8+X7yqgmTho+Mgs=","CCTZpwB8VOL12PHF5ssJgZNZk858EFbS+WB/gAGZkX8=","zekpnernGT21uwaXP+PcEIMUPNYhR569/NNDrEwSQYE=","Z7Y5hMdERW5yEGa6N4q4lTIYUlYEnIuHI5h8AMEUky4=","ZGsNvX1SRi3UXqBxKowaMGpZeeXDisCiRtbNCAm0xAI=","FoX37fG6lXi7qQemy3C0NuD3V3ml1IVQ1XfSyYAQWg8=","SFvDzuh+IX/DsJ/KsZ2drArKwxGnyLWWzuITLbl1reU=","2EY7f4sD8ah8iCiLqT6/or3vDQvbEDxNfZyOzQ7jjC0=","y40WPL7SkS2uanS/oc9ME3ppp869gk6qG22AjZ8SpwY=","0GXJcQaDINd1mVgHomsoLAY+kiVh9k97zZhM6IQunYk=","hhBkFNY9FIuXD8/KoGbbfaqiOlR09QOJXl5Q4gl5QNA=","QEZj6MkEHVFN4pLl7EG1oxs876qNEc+1KTATd8zbU48=","uElLsALZux3RzDO0cN2+QaQRVkloojHUBHszsBXtvLY=","wOzIQw9UBK58scvDKbhFbzM2yA+ir2xAErWH6fGH3yk=","P9prU3EcDxLGTgeQCD0qKOfLPvV8LV0uGpuzJiwr7Xk=","PYNaymh+QUeV2ZEscnzvf6g2JD9//tz2BJ1EOkU5fnk=","17xMyL7YsInpBaddFS9/CUcVTbiOCsxmOZ+Tb2ZZ4/E=","b1LVxh0AdCugr98J9Q8AnsQW1TO1V6ku6sRwyr06q/Q=","24pR/Gcl8ZwWxWWQkALU4laOeOBYzEN9zPttEzBFVe8=","z6AWZvNLifcaE2MRxrqmcAe1ThC3f1coiQaJHQlnUCQ="],"block_size":4096,"path":"js/omega_pac.min.js"},{"block_hashes":["7VcEZEfGI4WpmvNOyrf9hwkFVjiNhwCj3EudsR0Jl3c=","Dgop0vkX0L90HVv4komZjxFYSMq1SVwmKF4f1RRs4kU=","ZeZ7xysA8RoGSzmet8DhA6z+mj9JzwlOBgCUvs1V7Tc=","Cug787q76+ywdVrozHTl6lSFEdwuOpBW4wPvDxs63HA=","2GkMnQY63lujCwnkTRj/d8pozkEyW0+xQ1G26VgHBDc=","dvpNq7uoS1KJT4Dd/vrDhVkikYLVaKtE1PYnDPXd/ts=","78oMxHnFye/Aa/5BFekoI5JClh2T7A1vwC1GfEkL6tI=","ZxRlzrYozkDkcFtcSDO5GIID/3XAE3rQnOXBs/XKHPo=","9mwYQyfLn4RGn9laqgqikIaGAWruvQIMa11LZKu1t0s=","MKdXjEu2AA9UbtV28BeDXjPP1e/U8WtCl+QuxtyNfkY=","nSgc68zo2ICvc7DUk45+I+60PBeNnA8WBlNyvtF+LiI=","VWNw5XKfT8gNocPm22+KGAaZf7/TUWlgPLgkZWfIiyc=","p3XvI9pxI+U+90hU8/VnSh+ZhljMHr9D3iPIzU+EcOU=","+dV8SJwhHEebTp9K8id0bSfBfu/KpJbsKKTWtS5VwVc=","cW8riBIOUOGwR2Q+apkDhMh+QiOe6DUZFw9JclupxvI=","KnqfDMhN+eIvhhm9LaD+DiZBp7tmToj6cX6ynvsiu3s=","rEHLwMEp3bVBsV8pMQDuCNYwsL7P0geo1zMWaoUNNYM=","6TTp1hO3fw1mk6OSxClBLdD188AEUwJGznK9M5ZdqUM=","MbWdFxG3TxwEPwlEKKzbUyAE3//AuJvpNRN+YmqCJhY=","NdPHkm7zmmdXck2xmtNEIlaGuySKmRFYLQxChABjxTE=","7q9oDnuw8iQ/9zxx2d8R8awMegh5vPsLWD+HmAg+s0w=","ODxVrM+JD3P7wA6tHDtqGyf0dwcfxKJGTQzYnIsuRAc=","m1HEghdHX+LRTVdDAFbS5zMeku3VAQ+bbXnMt/OsvIM=","nr2/mroWZSFXFDCQR47w7dYM2VCNx2Fh31QXWDgehmk=","k563eG+gC5tb1ZLa9jyJE3Pdf8Ws0yR2nhdWjF0uy8c=","wQH5cpJth4Bb/BbxVp94QniwxK+K2cfhbst0seosNlo=","DwLU93+Qdy2P9f4/5gqiM4UArLQmWC6kkz7D7keqqJE=","36Zvm5+xyfMqILF7VqHscq8JsVuSYgwOhD52tVFnu1g=","gNGBijDSQ+HkIfT9AEL8zgnojZIhx+wlG0uIt0Tz7Cs=","Z4xTv27h+t58PWFgYcxD7oMy8PEUUT+9PrG1zX2kIh4=","F5nQUVJgi/CXK7nOMBSFK3v/tIVX4jOo4g0pFWAoSEI=","ndX2KY2xX49C/vSJwnNvUBbmR/s5MoZOfDU08Xw0UuU=","G9QPSaArZ3sEZBFYN6HNd5u/Km6Gviawtfhvlm6Fmow=","SbzCjnKKy9XrQXBHtAkXlBAKfsyNvnLt22zgyDo0+mU=","GTJLnLPEWrzdOeJN9Gx9Hb/rzKQBaPL5ifpiarotWsc=","AO+Vw/3Pn4On1TMrJEMtb8Tnd9bbO2cJbBZvfmwhmKo=","M2L9LxNAxiZ2nshnhi27v6g+VAUQ0ec3Jl1K0ijeelo=","ZUVC6Zo4kKceMHt3Ky0pxBaoZZPKMYntRUTN2zAufTc=","o2e8jjLnQr3Y1CMH21+ROSp5I4qLxapinZhGdPX3Ak0=","L9O7cs3zQeFC/sWIfAhUVFqE95FgpAdKyXcJLwDyJ+E=","krxmob4FzYA3lZ5GzBYy7S/PodsZm1okKvzNBtnb4FU=","HGJ/G/GGqOldJM3klSIYVIUJn7Euwhhde0vztCX/NGg=","YT87uHUVU+pkwclniEcCPG877S7rSdUuWCK1n1ttFzM=","yJDhe5jPwQhEAbxJkR4NT5WnqYmJ6Whzu1kN8gSSCVM=","/gH5Rxz075aD5nropjSBKNADC3+oH99wB0bRbUGERBE=","kh9zl9L7AjVzR3yrn5QK4x94NvKiv6s2o4XrXUAuG7w=","AMGNwPR1FngWZBI7+PClf5uCKy0Zt5+zUGATCYLQ3Xw=","BT2QMER9zMcL92JNzN9f0BtOfzsCUYJRq8bbEL4gOP8=","HNeXCn9ehx1yrFXebrYCnYc7CcWo+TBKQUpcfoaOOE8=","X1EcSYVVAvvr17TeA1gfBZ2YRL1fZHJqoGm18QgIdpM=","8p0emxtfu6gwOcdUD0MxK2CqpVh+PDHB7cVeJ6ytW3A=","LSaWTyHXD7jTJNak5reQ7d93hF3MR+bww+C+dU6OgXs=","4QlKfYZAxuf262d3ACmSfDH5LotmE/RUdf+ZmI1lIwg=","vVlyrXBrpDlNukZg06+nilkeS2v0oOORGWTjlE//+jU=","9oLaB3M0i9x1kNb6VQDHriA9I9+9vyi6dGpwIw6hl6c=","sRC64SrStSrOtabP8AYiWfcmTBNOJcNHV+/I+/ztet4=","Sb1uDPQQV5/Kbx+fxgXkDGiwaDkDg30oKF+Bt+HxiSI=","XtZIugUXhG3Fivl4oKAEKvYIe/RvRsbrprpY5F94Hww=","irsJBq1GErUHakm03cD59RNT/tbTBtZKweivaWstR9A=","91xtiU7p4GbnHKEj5Mn8iAK1w/vDimCozYeOB4UIsic=","i1IHzU5BwNLCUwZmZcxFow9PKVB2wrh7xs2XcvyAGBE=","WGK3SLez+SLZuYxv1qiQXgR9iS8BSIb9XNHIWVZANjk=","+7nt0bSwn7ZlR25Dr/5U5wni+p6viWiukxVd3pTlMuY=","xXIcmW5TrSobP1SCRc5kfEr0Aj5cRn6pwPiugBlsdqg=","/HpERqvGfzDMA8y78DipxqZS1ecHtcpkKL72eaaAtEo=","/DgfmHNTSfi0wCQDqB/sH3IM2mngNVKUoTL+AY0Gu5k=","xU86ByUwf5CD3MF2fQPaopzo/GSdnMZ/97amU8Ss21Q=","aPRYF5NHElRsa3A4LoY1dnKPkjE1Ccfg6W/fKr5q5/I=","PCe+48ONxT6yIXr8sS1G5vPQonKHtGGdwR3+9YWE7hI=","8WghZ/Yn77uR8myzXgFT3aasfdbr+jWGKgwe2TXMj8s=","8Z8ohtEZ44NJpzA6JuZhVBMChPIQyrnRN13AANwHHLc=","d9IAz2lMUa/X0PYcEOMf9ywPtfTjGRR9ASNK+MmSFqs=","fVU1xcS+AFjJLOZNQZ3Dbs4xZvYX92hjRsQjixUl2QI=","ps8UbZVBp+sEjbGOHvbDP6WbhhHdr3cOjpCsxcwmSlg=","/9gbiNxI9eg7v0oqKxPkubn6ySuYM3g7vtjEKxUex5M=","XDR3WrFPqJMF9OjOXWhKy5XKwBLij+ajeHG+0rPNOJQ=","V4DGB9iTzX/YRqf4peU3HIe7beOHXKdtZnnrNxvUxcQ=","TiUtmbt/6EV4eQJX3tlutoFzztm3FxUhRkp/lvM92L0=","rD9ksn+dslt4BVq+DzilncFK9E+2bssYO7+m1qX+EYw=","ktW4ip0xN92jukomoO/l4eCkCqxIu8KiaGPEQC1OfgY=","PRkY4hl79mZRVeRdt82BZb4Kqm37DW1EWjbEJuiYTag=","op1oKNu87/Zb7G0GxaoGyYxTTemPE4V7x4QjNFinYBY=","eDP/8730T0HJG37Lj3rSWKQk1kVtwYKsuXp5ysj1Ttg="],"block_size":4096,"path":"js/omega_target.min.js"},{"block_hashes":["KYdGpC9ZwfQNjR7cwLTumHey+/KBmTydSKFKgk8Q3AQ=","1D/3eAfUQyd7MYtKHHdRU2aqlnjO9xoAb4jJtX/2W9Q=","QYs9XLs8276wQi/yLgdfEjFmXDkfLW8jMaFeo4A7Fbs=","iU4j43a8I6ujwdGUAahkrliLYFeLDiA38qq7lhKfNXU=","zuebMdj0fjYOwQgog6sl0NS4JEM7MRR1wV17H4VlRxo=","6X2lfNpbGSuymrDCPfqlwIFNtyjSbzWm5G6W7KFJlhE=","uyPj4QkUkIk1KfV/TBrMnGUXAUGeV5h9OPHV29r4pEc=","dxwlFZSxh0y0sRrSUwsWwQY+oEctjBa8jRg8T5JLMjY=","2aTG8YkXouqypiPzhYTsprxGnZFvTWCc/K89g4OoglQ=","mRhBW7wKjFUdfHwy/Z5+9DI42Z1O07Az+AlM+LZoIG4=","mjJpPFy3tRJ2xGGDJI1xyq/8zJl1vHTBM3vjPenrfis=","4hvcpIOWdeWs5LF6UH96lSywYoVTf/ZW4uL07HPQjCM=","LPWxYtUkSrOLxtQXrOjRfP2ij40g4suAGCgZdoIuAV4=","2NJPiOu3Mxc1zzDaaZ+33EwkXELJnBRyRK0bzNZapcg=","q2kziWl+mu2K1sH64/NwcN7AVT2knFvyaHYFZcN9DrI=","kt35aH1LvNl91fOpTdzJuLiQ458tM9tjmWzseYBxOHU=","dBxWZgOkzymbb2NO2MzGhkdlpC1mDbhQsyiOB4VMkfw=","RVzONb5zSomglAyHoVmtO+d3bnAdiFANi7COhZ4ClQk=","K966TIDOYCT6/ETezG00JxSdXjY2NnA36PTyqD7nzLw=","5NC9ExIpcwq79wRNrhcQKUGnO+rShmVQoBct7DKiSEM=","KIx+6IDFRfZnlK4R3vkUh4aQvIbPbq44BNBD98eaGx8=","sdKkWVuObLhUgvAILeJZTrBcXmZrfi0b3d+fXiMtSJ4=","DNidSEx5DQQhMNSU9c+h/1hpkmj85TZTUqJLOVaFBE8=","VTGzgK5I5g1UJmD0Z06SS4/VbQhy4ceHx+XDZ2y4R1U=","itY5tBRpanJY8B2gOSjWpId8jjxer9ydXQfvSy5nDTI=","nroMkmsBt/KuxIa+1LVWNWYhH1J8eqLDGcPS2URyESA=","f1Ij7EJGC3w37WZpqDsKpTdg1xufpX2H4LtvqeWV77M=","0s8BAWJ4zuS2H63sAJm2ZkB3yD9LhR3zk3HkIiiQwyA=","k5BZPGBYroynGFpZ4KI5aW/mRNuEfcx7NLayt7bPcLk=","An0EfQ5LyLQVpDHegRv/mmi5UpJDyNz03eHtOrMovY8=","tA7ibM1W22igVNtmHG1XxMMNCo/+Xr4D9hd3GelkzLg=","pA40FDqL8TqbD7gAlXRi2WouTvhA2fu4CfqlzVH2HnY=","knLaarGy2kamP5oQWrxTvhCP1M60dog59kHHaPmZ5ac=","4sKDy/0fihzbUyVru3tfcPhv9gmSWR3v21ItlKnTrjQ=","KrI54ZZr7vWqeOFHOoWHH0JqWAdv0XBewDemQ+wzsUA=","Hik9nf3fm2SGb/WKhpTVdTsvzXHp6bF3FpKVO/0xmDk=","f69yGqqBKi4imuiU+nK5kMBYXgb+l678rzrLo484mJU=","kUlKBsvAv8ckjLZSVnhTRcaYAdAKLktbL4PdfXoXdLo=","TPau/2s0ZouhqAhd4HmBMBQ6GF3Cc3VWdEVl0SL6Scc=","Q4bsH4ZuDYqF9HnxOM9nF7fkLA2QkwcT2cBXgDp8OmA=","prVYWTmEw6xMi6r400PzOG9TByne/pZda2b+qr+fnrw=","yeUqxN6QMADJhPjAzcKJbwILbIKeE8zADvnyOicWDDg=","+oifIOhwO5qgGA4+20ZsxVFt5bd62mtb0o6Xed5/H8Q=","NzccNAIIZ8xop6ja+4oVyW7fO/h3Jv3uFq5g2EGJSfg=","g4CBI1YFSDnttgZ641Gm2r8B7SBnOajnJLcntrY3Cjo=","iMKa8TSzQZv6OvoUwv79w0Jul5GxCYRFf9QRl9qqTzY=","XotasqLBrWbEjOPt6ZFFkxQJInu+3O4WQSVgstLAQxM=","GAHqh9eCJqcjOco/Hw6StjKLmfco9Uer2g2V+kdblbA=","6F2cM8uMIgKcgWJF47TQECAm+InWB7lfVds1PUFNmyA="],"block_size":4096,"path":"js/omega_target_chromium_extension.min.js"},{"block_hashes":["Mg+zKfb6kkTuBA4ATFap5m0/b7ZfNJPfFDdyOyUr1r0="],"block_size":4096,"path":"js/omega_target_popup.js"},{"block_hashes":["qfQU7Byneadw2qS46f24xD6nTeUcfgPkTkHWtNeYbFY=","Wk97JSwigXLkNiheVWtHDM2im7aBf/nVfC5/mMeNHmE=","XFOJT7GpLthCsyVnNzaC0P26rOqbAzKzX4Q1VMuaEA0="],"block_size":4096,"path":"js/omega_target_web.js"},{"block_hashes":["5weX0wDelW/M+PvNUgHN38blzYIybu0zPo4yZLSiAFI=","491sH2LEt4ugJECwVSMbbeyCP2dG39AMg+z8NnqEAb4=","HVFkvxE9dA6QFnKiU3owcTZlMjzUp81J/S00Q1QjAOE=","Jk70fsrsI7kbZmf6yhbk7ww5luxY/9w23kup9yB7ctU=","YZPb0VGoh88KQq/2Y6XGjkCqbW21973x8mJGJHCurII=","W/Eelq7JXKK3pzkOjdBCX9IgpxOreh/sypnAhKA0SaY=","HDfQbvmmwJeaFdBrRVfcf5MEVgUZ88MWYK6qXB66LkI=","Tlo9PGI0df7GUR3qc7nuq5oEpnOT4ovcc1iuJPcq2ps=","Hw04HQtYmVYoGj/WjXgeNebLtAQdsBT++w7rExVRPNw=","/tVgjr9DWP/i6B8k4sP+YG+LTlSfxp23SkBxfX+fnVY=","9X5MdWYKF182+YaIOFnpODgzHDmJcZjoXt7o1MGEzg8=","57QBP3gwry6t37/+vtKmwjhLCLWcJnVtnji79Il1His=","C5D0FF+sVGKImtFbnGdReUVgU4qK9cjfCCqoRKZQUFU=","czVcbuGpZwe/QfIHWzlQXfzKFR+8D9lgfy0jwKg1/SE=","jZ7O98WMgUTqyNArl/YvWYOG2NajKZQ+MXSI9wxAH5c=","PqmgMACpY4PZFk6LC7xPCqu92ZepyJSxFWtzwsv8loc=","djSkky/8oqhBPRPsNKhGVYx/XDDOXIkzKBcO3NJy6+g=","2IVzQTqC+c+DwW19NpUy4da+3n8LQh4PPZdhtDoPrAg=","Fb5acnfyyD3LYffFcOvix6khagLuo1NpKeo8NuTVaIA=","nWlKnm4miNZkXtcM0b75a6NNGQvwkIXmPzT4gBkbQMk=","lhRG5HPei0v2F26BuHKF53IQM7+R3OMF+FTw2fwrttA=","coV4vMTEukTCa4itvaWrPdae+kJGTVoW/CwLlnIaTb4=","7TnJJ6YWpmpFbIMVOebOv8ypmBa4/WGMFU/ARfpR2vo=","HPdIbxvgZ6bTFBXrxQmMDQC2w6bbFkvOca+revqvtFw=","ZYj3bOaqf/fLAzf5AEfHzX0h+5US1LhrFuKAIMmt8Ts=","m19sH7us08LGQbK6XFtM3JrRJ7jJxTt/TBM9Z0UsaGQ=","R1v+Adirhopyzs78jkxT/lR58DXrp+TW4siOrg5q5pQ=","wk4RMUFyMd0TneOuhcD2WuW3DTiI5iCv2DyFjhwACpU=","wHOlNQ9ejkoWa/s/jdnKMzFOnrjRwx5nPQwUUpa5PcE=","RcfMf3DV7GFk2dohPTwDU2R6MfK62r7qyPjsDzQrPKM=","Sk/8DVIh65C5jXF3mZbdyDaBcir91xzBvz1YfYDFlTM=","/sA2yGavklXb+5pAKluGmCY429Psc8fJK3MYQWEvk+I=","yUqthYDxjqdz+2mW3nSXKvYAT0lXFh2jTlR/rXv3DZ0=","JPwDS7UygjeyrBh05NJV+XYaji1QNI1trA++vV0/o7A=","akopC791dY0MOBFEZi9zr8ll/NvCBwVNOktcDKJLFwE=","jh/kFnhxzdhIFoYi2dN+28Bi/vNZujSrLxQxAiL7mu4=","jKP4C/4TntqYZdnM2dvLiDQ8xxk4uFF70H1i1VNDohA=","QOzNuOh+kWfRBflENpGzGFay+6J7a5aGWu7CTYbKmY0=","C2PBynt+oUfxRz8UQP1aPilt0eP9i1lxl9NylDMycuA=","6LtAoDRgjbotd4fM6LGTwC/PJhva5DpiRVfp9kJBY3Q=","OpNfPocGcR7FbTeWooUGKuw93upBQlRi0N9L2ouWiMg=","w8wvmENNZrQVFOp4CXsBobY1fM6vsJ9rcuTJvVxxYjc=","qQlUVJVH6pY8EhLRa/d0RgooCzp4g/a0Abr08F1b2JA=","9a9aF/tUsvdbkKCaECprAHq5gwWybdLqMb9/EevGTYo=","2JiRaKMeaMPonqtUBTvQS47sw7SodYtP6GRHm/Bq2c8=","DlLd6eDc5WlQgJhEAVpszytbaLu899OhVz3lVFfK1uM=","Dm3oAigRx7ZnMjr/+xE5ls5q+SUt65EguN2bmEVw1a4=","aTNYmUPS1ZS9NizJDiknYXJySzhszgHDxiYZJlPzzfI=","ISUMMBptWLsNZzBi0zEOSj3fVW/JmjM/6zANqZn27eI=","oULb9ugH0WpgyPBe9glpIq1JXonY37sfW83ZWagMJKo=","FSaRjsR0+vwolrF4MAmlQHNw5/iUlmoRffGAYPVuR50=","DeruDsdeQn7T+jcrhPsh0z5SKNxdi7/mFbwmp167leE=","sRuQF9SQ/4qxxkuKnPnR/x3iETbKpwHvR1BKsN4pjX8=","ZDRcxyPwAuBBGGpydb4v7oUr2hZ3CgTMhsI7dkGYPm4=","S6RnkBwYPOfaso0h5CU2gRf7ed0Ra79DqNQBDIZYZO8=","LhMdR7a6chP5MfnmFTlgNZn2vYU7a1DbtI1nn03Ws0U=","SCK72g/L9tSxdWU7eBtr6MaUGMygy7i8mpT8yMvnDgk=","qA8H5sN/umZf+j20zpUW7tLttjeFSlvbScOOvjmdJcU=","fEzXzjEMoojyRs9ojmyeg5+yGfdJuWoO1VKp9QNDVdM=","/la/GPhGj2K44cNkkz3bdpLaVEBOwd47cTgdbWmF6Dk=","0tBWeAp+KyGC95RNbz+xI71XxdTkPiIWpL683CToNdw=","03Wi4Fc2bcdKkgD8DcvEogwFoIEE5UAvf1eNDGiE/H8=","G66KCDgsYgJBWftMrjVvW5kfh1n6oWcf8OMYXZtZ1Pw=","RkFjd8+GSA73/ETvOjQTOmVWPi9aN8zRs9/8piRhzL4=","n7EiRS6DNvRtgLDWihJsUyQWKIZDyy0iOJyysw8nrvc=","3M+oJ/J1U2kpCvQIf6riaoU9GhXyrnkaEyqq6LVkun0=","h9QJdz2ILtQ3woKtd/qrL+PwCT8B+q5M7crklfIzG4o=","jrS/6Lo58pYe0WvjlWWDHjm+o/piwpDi0zVFlLnV8qQ=","GHeXsDjRRbTsUdLa/aCkdS521m4Ac2dAEkXcy0N0F2Q=","OHj5lYBf1nS4oE8VcixaeIfOiP5b438iQTZMu1iLs40=","ZH3HCDPEx5TOurHQWrU5hR0XSdm8qfBc6tkK6o+2xXs=","KJEdD2c6cXk32AF0XbKyvTvNLDXFWr2EZ1lQzZqCwkw=","R6IdqIoV2Lt0UpoMsEi0tQTc4bZpyJjD14Et6eFxeVk=","O3i+eQ/+0Pcw/4jP1UDDTIDnpKdVgI0ik84Rz37FeFM=","C+4rEQE5JgSRchqiDiLmqlwbld+pI8lm9jTj6FW2ntE=","N6SKmmjsI0HgDsTMctHcecFSLNGHrurrVEGez+tOYPY=","5F7Pe8aDveGAhIA8moOb0sJPb1L6Q/QG0QhoIZikRaQ=","BVrmQqZelaBx+E2EGSyquLvTNto60TyJrUSfYy282kU=","RNjT5Q0amAi1aj1UFRARzirVe+mGhJTRTt3ydoM8XT0=","WBIJjGusx4JUfut9F4ez+Mb9fmwO7VGMHGnhTkWHpA4=","bTiHGhb9AOC+o3Z73xxFgunmbvCD+GQNgc+qRD7wkE0=","V4x7aSfpGnGe71+9PFt0tED+PERswcgo7nDLhcn2oyc=","uM6ieTVFGuiGLH5eCPMfr9ZmKyNVMbZhBgCay+OmsL8=","3Et+ZYBwmH2ffjYFjbhyg+UEPv3ndvRhMl0WIxUXEi4=","Uhp0FWeKPD3Ly3LKwt6VeqCMc1VZxJwfM9U+Fv64AY0=","g8AprCVntA9JuCpSrOR+RrTn0zN0sMK4Ojg4KyATwGs=","lfs9gQhk8J+qmt93hVnrtiS2LmH2XZ3xsPdfNErMk5U=","mHa/Vdi/0gG0dUBJ8eZ2URGZbCcpaSy6z13BXDagcJ4=","j9hB30WqXbFh0NDlLa9pdbYQl2ysoM4bU9pWvmhpFtE=","XQ65C/WAcucNtkfGDvINBZBiEhZvCrkH8F7f2EyKMh0=","8ptH4AXX25F7NmJzI+a2CZHcKCWHTm/WmhmoAbQfS10=","dgQiLKWcu5v370X78P34qM8SKBkDtKIcABpGuoHtQJo=","qvvgAMkk0EmojtmliweoM5GJ8PQjIeD2+hFpG4pz+C4=","/LxJdWxq9ojIYPMOhmLvalZe0Aqh4rNNjFH6A4pXGeI=","J9CGFuDeOTANHlqFgZrUnje5hO+5s0UOhr68QnHLNok=","UUPOuKOIfw+5EgHR2XfWljEykUmFX1FKqs7xqt0lUvQ=","ltSovLhOSWycvfgQObZrW4VY/NzCwsbESnCwLt1sg1Q=","gofQy39RXvSy7aARP6PbWZFWNOzr1WJDcpbImSXP0do=","ZHeLA6c/G/qI1CC5EgQAULjMUL3LWQEhAdMtO60W6dw=","SbpRdU3zK5etdTWf+q4djzQvHRD3bjYI4kq8OOFWjU4=","4HcHIkyF+GESEhE6zSDX4DdVJupQ/exfsdJNVDLpVtM=","fWpFUdNQP6gRUHd9oV5YzYuHgHHjmaPEC+gGIWr2n/Y=","3W/aNgkM/dI+Au7FYq7v17c9sMehy1jueXdaD0RtcAQ=","BPQB0KvSiwFJVUaD5/FimpS39Aj7z3YxWx8vboVwdro=","DnOh8YzX9wXtsZXCvqbzPczEVoRdbSAAA6FX39rSzaQ=","ePLKzyiSgiU38kxI16n4cn4ArSQ1ojVK3A8KICd9fFk=","p+DtozdrYHSKMeQnflkrPzlV/zG7R4WiQpGadAWMVX4=","oKVQO170BPWehELFpCL0jWXr9JABv8WMumiH3ruPws4=","F8cR6+Uyvvy48KeI5Sxlctlis+lhcvC/vrwaSJSp8BI=","d5JuZoUvSuH37xwMz0MoT+Ion6gq7xa1nuMzv9pxb4U=","oz3BdMBsZKsv45R3YJU6vJnYVg91Aqt4nwaRF6XqLiQ=","JJo/QpcCKdi+yatOxA8MHL1Oja72lEQe3qSM5i3yAX8=","zNM0VOx9aGNXn/lyBT52UrJijQCcjxEjm6cLWxtlq3c=","MejgtW/iH6wSxCQM3V38OEUO9rXdwlh83zmTQI+sK9g=","3yKkkehFbV5/DKcntKFVlmW4IVgrAXA0jzrpJvRCDaQ=","HmHSDyYX+58r25GEsk0CYgYRh9xngw33D40BA6D56GQ=","484S1SPGweAbZHOgqAKuNDJ+6XN/loW1kOUMZOo/mFk=","ZMyfo7BOg88OnUK6Y9CSYZTuG5AR3Gsgn645ZPmdHZo=","jsC8RqvQ973KQaot3meh2DW0DIBv5v/amHJ9FbcuOKI=","OE0rdGZt6O7+J9tHpWW8FsYv0my8gWSjsXGWssxogjc=","AhOHkVlXgvQk9SkzSl2imrUUweSgkd7/aDogHL6CuMg=","VPxCi3Yr6zc23GMeXO1NCuFXHWLFM+EamQUCoyvCeD4=","Ipo29XeneQ+fzueVd2jgTrFPa+0bll4Ojw3oSIA7DmI=","dq11dWihWXsYrxwpc90q9v6KZ6l2PdNTkEOyXJD36pc=","OzlZw+5brluXwBOwJImTG7UU9pRXBRFWe8XxqNYNKc8=","dMfA51MTgkAm3zARsINTf4dR134o7zUFdbvqgIVmZFQ=","Dc4VCpkLJf1Nd67aFKcuIrXkputtCyC3lJXbKWOkaA0=","Ju/5hcpIUVrpyYiTRnLmIZd+d6ZyVZhNDW1MCiRyjU8=","AknU+uB/q2sgobp1/2a+JJj7oRGcMy9eKHSRWU+1e6U=","uFzUoJASN4lXa0n3TQR9KU8Ql1wHlZDS9BlZR59f7XQ=","2W6b0bEJb0d5P7uo+OwnUIIUGXfm8rAE5d99WXmONuk=","DjK0OcVXQpKCAfUAjWWwIQt7A4Dz1vvbTN3zitQYPU4=","JHNmRzvgPug3bQVH2NcZQqHjz21BInSSQzXPNTxBen0=","0TRlz0IsSG95IIuknESrRp7SUfIoBboO4kBRtcA+3uk=","cQNq/XT56qw7fNwn/7DooY0fpCue3mY9ItnHT8GdgcQ=","+YJVhqQhHWro9M270iVvd5OEjywEjLU6WSVwLFlqMsQ=","z43nxCTSAVPfISuTuTCaRHnWP2xu4wLawsl3B2uUOK0=","ItN6UR2RonPRt8Suky1olypwIh9Y9pwbPxGuYazb6Y4=","m+4rHU34Z+R8Mhz2BAJkLLOSRTPAcs0OEpd/T9PmUFU=","67Vt0BA/r7nnbj7tEHhS8ROfcG62NIL1N8GvpzuYk+A=","+oht0gIHElXGpPMv70xTH1kOhuUxohNzd7fi9Z6v6iQ=","0hLI0KZNGih0WJPwK3qq+WXr0WV0Ti2SU3B9RYqxwqU=","LizyRDf1f6AfvpMy7HehsqO9NBPb+35oMv7JRvfKQDc=","TkkZwVaabjFJZ565HoeZ4MIqWK6P2D9EW8klcd+PGRs=","JJAXLGL0zgwnjRgBe38iS2f8ywJhU9Lz6IOMLq/H11g=","wjmnuylShIVDMvIGoDsV3f80BG036cnZ+z673tVfLes=","8XENnL9OeMEG8jToqW78DO2IM2IcBPyYjB0nmOHOkSk=","KkIJ3qohGLr76dohfnsTEhvR7l9CLjD1YbfDuBPobGM=","6BzhTFXXbwbfu1CkfdMd6YNQOW/6BlTtg6ORDklVMa8=","OhzcmHbmb5MU1vIdQ5HvQyNKKrSxF4+LQMW6p7ChoL4=","Qr0JYPSOjMaTPOOMX0nG/vQkaJ0ucQfcUkx2tTeB0UA=","3j6lS4zBe3t4Lwa8zNTFNkcSjAecr5X7Z4/N1a8GA7U=","4fL/sx2XBa5UcbzIblNdZlBCYOIckkKuksfrBEtZ8zE=","Sz/lFM/DVnlyq/2xq6Ls1rfE27kv3Z0bGwAD0ZpVv3c=","b8oznRnVZDZXPNbVxX3Jddo3OmWuKksgUgH8+yTgs3s=","H5Xs3G4Plw9yOME/qhW7hEKtNtZsmJf3U7zXRxCSrmU=","TPsZB8z/f1jFvl9gzxXfkWxIp4/0MnF6+v9CaSmMI5U=","GPbW+FbQNfUcnJpjxQXRQtFTAO/wU1aH8BaO/QCAz04=","2C7P0jPWD+XreSk+t+ycUy5S4vA+2cFpHfnScAQVx2I=","mOvivG5pDE4S8M37ZZSN84U/gDKSf5EWhMKfSIZVSFU=","fi1pGJQfUvVUtksMzD4pkwvQE0rM1XEtcvK6N2BIRMk=","Bg6rsJaWyuNIAS46r3dA4+bo2+fcy6eiw6Rm1McqdFU=","J4VXuhUfpRcPa5fUrEbmdysrWnfrm0rwACuz6QmbL6Q=","YPMe8aEJys6lSlQXM14KPKV/t9HTbFcGR43VZGTNd8s=","RJHKRe9W4NpEcNRGydW4f/JQPL7zzQc41dkRtM0N0Lc=","LTmCRmwvck2Bgnx2wD1/r9Qdwpgnx6hp1GPkm0V3tUs=","M7Dvj2HYdm7jOFGOHJmA1q5vYvyfHspmMpU3eY/h/KI=","FkBiqiTiNpjG2e6HOHNChfKvVPdbZBXxAUAFMkDzuck=","JBfkqjJcDgUc5tF0BXeJP0GGv6efarpZOMDrgQhi4UU=","457bAXERcmMPAPCMw54pLqR4KyAcTADFvwuo73LLuTs=","NNFOCsIE+SEVxJw9Y+liu8lKPjdwpQqDK5Peq7hoL2Q=","mq8QEdyxP9vzEkf8KZjooA5qOgg+HMHSQiQ7pa4X8I8=","JKkCUF4nBnOMwCr3Ad8lV+4uoYa2HPV19xSYLe2Kp2I=","sJ0/S4zaT2z24XUU7ase1qAawBu6WL4L5CKze7GJWNQ=","mqgPRVJHyatIQ4UNG1FVnYmv/C5lVHBcS88KURxjzdI=","kTmszagpW38LZOa2BEC2lzYxmafhCDIj/vuvWPLyZC0=","8D3CctlaRfqIXkiTKjDtpttUooBNND604iAg1eBKhj4=","qbfOCMTKuzt5ME7KWpD2ujS1JbFVJeGl3LhCzgNN+mo=","aQgwzXBgOAfTOyg36vr9NOw5fDIHl6f+PNuYX0R2tFI=","uvFJAGP2ACQWuILSv0jNBKM5jvCgRjrycopcz1UBNJk=","GsuPCSAgaYq4Gxdrs+dt6F78+gekEhdgQRNHbF16FJg="],"block_size":4096,"path":"js/omega_webext_proxy_script.min.js"},{"block_hashes":["fFUi3axVrZbg+PZ8XokP4CHVO66hgFmZ+X8NUgu6Vok="],"block_size":4096,"path":"js/options.js"},{"block_hashes":["B+BtFmyv9QtWJPORvX9XRL9MaYt/XOEI9OK/05/Vep0="],"block_size":4096,"path":"js/options_guide.js"},{"block_hashes":["O14hwxg3WyyL9gqsedl+omr1WmOysYpxqcDnUR1Dhzk=","tn2qwSUPEmYSxLk8aZaUTo0vtYk+Qt8qPeTtnacHz38=","/cN45NZ1iMxggPsDNx1c3WSkVsPAAtGoXPcrIp9+Qzk=","GU7z0YT/eYxD0o6GUbFilO1W5qpIMT1ngCLK9wAnRFY="],"block_size":4096,"path":"js/popup.js"},{"block_hashes":["mzYb0g0SMBhCRku5BxqbabbWNMKq+Ln8U/eldGvTUPg="],"block_size":4096,"path":"js/switch_profile_guide.js"},{"block_hashes":["FPJJt8nA+xL4RU6/gsriA8p8xAeLGatoyTjldvQKGdE="],"block_size":4096,"path":"lib/FileSaver/FileSaver.min.js"},{"block_hashes":["LWMe5gLy1FDmyyW/1mbx6EXie3V9LKMpU6ao5HpKPUI=","SW7EXz6vAWgPRQlDyOOzfwpT58kIHtskc0+M9nyQ2nQ=","gJ5twpi2d4CFTfVMxYoLx2/00g7oe5hW4Opkb4NQXHE=","Lzd3YcK6zGxEB7uqbJFJWAgABOHsPTMHo/m/egEA63U=","3+HEtMXZPMioxrW54jVOKTfhsa9df5nLBRcds1NFA38=","PKlGb743aBXcurOItf2lOJkL6lgb+9K8Hsd+OSyFUx0=","EYQP85qVMdw5N038jUR0zHHWUs26EiZIGh51vSFVJsU="],"block_size":4096,"path":"lib/angular-animate/angular-animate.min.js"},{"block_hashes":["d2pu2MMjV8Ou9wRQRQTP9QWLudI1sNpKLErJjn7tJZU=","7ZBgI+rjj3i/YUCimgzH8yVAj4uZZffFncEjn75rZ98=","Vr2WD+G0JIWFnRwGXlGEkf6z/eJnxPzaKQLr97AZOf0=","bm/Zyqx5zycMkXv67fTbSJUyIATJPmK0eckci70O6Ac=","n0c1B4W9AL8hQMGYSdmoxBfp+Pm2R2fw8DAiGqR6NDo=","pytRYY/gLvdGOo5fsKNDn6dkCznlk/I/c7sIim4SNes=","3Xfn0b/EdiviNkOY09keaP9nE+dc/bJvNDgsiqeKEOI=","qXhPUqaO60xNZwcH0zmoi350oAQv0QIUOI7xiO1S97I=","1I3lpN/rMu7gaImHSmXg8VPr6DEnInPSEba4kjOak8c=","lKEkva/K1ZsNdKlpPq7WHWdAWzE4cZJ8Yl4ysfAr3ek=","duQbeT07VCqZXR2ml0WzACK0PTJeCrDnlYw1Dgu4A4c=","W1vHX/wINr9oYC05fpgkjidST0FrOFz3jInQYhT42jc=","RZj6faKwntVJtc4EolY43cdCA5ObkyVybAKsvbvj8Mc=","mYUKnr7DqrNW/SfWVBjWeGSMHG4M9Wb+mzwa9S/3psc=","ou7g/Y+EOl1LNtTwfSNABH5CJMqN+JmrKOOHXARp6qU=","o3Q8CUEOz4C7BEmz+UJg/ZBGYZRwxyBjj/wbXYplIOM="],"block_size":4096,"path":"lib/angular-bootstrap/ui-bootstrap-tpls.min.js"},{"block_hashes":["vhqZsRrN4m+pMUm0VYO4aZTH1+OI/9JLC02hfrfTP0s="],"block_size":4096,"path":"lib/angular-i18n/angular-locale_en-us.js"},{"block_hashes":["RpsEmNOV0Vca1wEeTP61Xj/5D8tgIE9UpbVQVjUJJz0="],"block_size":4096,"path":"lib/angular-i18n/angular-locale_zh-cn.js"},{"block_hashes":["ySog9FmHMzzNSEhw/MLD/IRQvmcpP3+MKXdfRUELxtc="],"block_size":4096,"path":"lib/angular-i18n/angular-locale_zh-hk.js"},{"block_hashes":["Cd0DwGwvudQmxtiHjNckQrKhxCBbGPCgPR2qV4QjxDc="],"block_size":4096,"path":"lib/angular-i18n/angular-locale_zh-tw.js"},{"block_hashes":["KOR3Fal1Xbv+HUqBVhGG8RRFOJDW+IK3iwTlpiVXzqE="],"block_size":4096,"path":"lib/angular-ladda/angular-ladda.min.js"},{"block_hashes":["n7QmaqLDGiP7qt5cI203PtlSVQ2NRO+WwL6VQdeftr8="],"block_size":4096,"path":"lib/angular-loader/angular-loader.min.js"},{"block_hashes":["NHYc6qsdQKyRTC8ft0678zZ3XOh2pfnyoj2B1P6qNFc=","hBbDDH/ym+0q8ag3ktvffoXcCdGM0lwmTfS0XRtjIW4="],"block_size":4096,"path":"lib/angular-sanitize/angular-sanitize.min.js"},{"block_hashes":["JQJg0u9mo2XFx+Ag2sYlt1n8YH6/B9siVXoMH0dRQ5w="],"block_size":4096,"path":"lib/angular-spectrum-colorpicker/angular-spectrum-colorpicker.min.js"},{"block_hashes":["rzQh4PaaTopfxU6YQw/kHDe8Y8hgPE/Wqcm+3OMY8gQ=","G0nKw7lR18iKduxkY8PoCEg5wlzbwzMXM2vVvyfos54=","63NtBaMfHaOGM2le4cnG9TnvFp5WamI6EGf/pUQkM48=","N9brDghiglHuV346JneiW1ImShjRZ0k5E5QS/zI0+yI=","+QInOt7DDZEN27WWYYnn0GWnE08BF8jNA99VnB+3310=","Tnac+9ypeJBJ2D8MDAg0V3a9rE+kEVi53p7oAd+838Y=","cDEGUZbZ90/UTp8TZt5CMz5kbICpoRk/X+uW+VhnyQU=","7kXHMLL6SWTkcFlkD+eZl/wfLXqCvDPl/IlzIVaRv9k="],"block_size":4096,"path":"lib/angular-ui-router/angular-ui-router.min.js"},{"block_hashes":["AO99a7+MCRDQAUF9ALSDs7WeNncxDK4u/ruWydStCEU="],"block_size":4096,"path":"lib/angular-ui-sortable/sortable.min.js"},{"block_hashes":["IskUqFoPhwCaLfAe4Kycdr2GomB7iUvmgbUokqJdW6I="],"block_size":4096,"path":"lib/angular-ui-utils/validate.min.js"},{"block_hashes":["uFm2GQV4lcW8DGsB4oMQWe76e5Y/tn5efBApztQAJ3M=","+ObvOyNIO5mBwkYimagNN6FXHMDH8cDJr/kx5CDetDw=","Bp/08y59RPHdl9SaMhdlOlOJHyanryv5KocX3Eeb6cw=","hhGMPdQZtUIcrN7OULfGR/evPzH+uWeXQgcrsukCP6A=","dNm/j8/3eGVnE2MwOw3w/LBI4P/UhrcmsPSjcAdIFUg=","JqEPYTF2ckum1fn5iSr4qc7uOp8xoknjtCwOL7Xpw3M=","VlE6odQ33tI+9UTGt3ETs01F2l8nLs+5+L0wJMyVAPM=","Shaf0bbkCgq54H31h6FSa/EkwgtRx40eKEQADcNo87Y=","0bOEkXPoeLB6dS1z18zHeb8VU/FTW4fpEAp82qNxUOI=","qWs2V2DOZqHb6pNiuW1EoB5R9qlAG8XlqJSLlggp170=","J3cDc7n2rUOJ/tlIcnUWQ2d+HAopFxJCkx+1dvqLHlk=","IjUXbnFfTEPRYgwadLOjYUCofd6r7Lx1fEWUCqPWDM4=","lwQ/9PDgzvBm3TXKg650IZbUy0bYk8BmYY8s+peBVaw=","7rmzL/104+uKlr2w6Yi0NCNb6g12CqwgO/8h9qipUwY=","gUMZOn06f5V0lcfqMp2eHOCFXHiXQcbB0SYPVqf1euc=","FVbVfc9cVgKH8WyDnE6Xm2QCVR5Bm7JwoD9lSpNPQF4=","J4dB3h913urGekcYC7iMQYRWpV6/NwW5ZEriFHNIIRk=","VdvjWIZiNr5xzizJwV3DcnKDQCKnfU2rH1Qqa/sOXLQ=","qCbYa/qHaK2O+kAxmSo/1akkd7BtQHDf4zDXKlGkrfs=","Sa4rIaCLNWSbvUWQ8guUqNGZBl2ny2Hu+muoOSGfK3Q=","ZWYGw3pdF7fFbwYAlmbw15cvKFxwuYClrQPj5aplaxg=","F8GRzZewK1R0gtV0zvYHO+G+Nls8BaDcvYAvAvjVV+8=","DIS7PoGgT+tP9msGJk4z1idUtCUGqL0VWF4aTBKhXkU=","/7uV6AXtJKlMr7c8vTo3t2GR1jIBIIIjJ3msU8BwDD8=","wLChViT/AAd8dRcBv50z7c/exju3hN+olJAc7Y2pCpw=","HhIXtsqQ7UNmq68kZZaeyGiJ9mFGtng2pSijnTwcqNo=","LviitF+5lTgYPcx+dbZzse9NrWTTMI7ZqLh3Ei2ZrgA=","7FuIQb1vtlhTH3v8NfCNoo7fYFCgZstQarUHvMu6EGI=","pTryvvpOv1nEvvnx04s0IvDvqYQyeTMhSsg6UHcQgFQ=","yRSOirEKSrniWSY778Ox7l27xNiLLo3Bu7amtBME3FY=","zBc6ulaeIzN8RendD/9SgfiR8ElqhB1zhtNHwGRQ8nE=","uNv16u/XxljJP6zZW+/XLVMnx3H3hkogeByq2bf27Vo=","TM65W+SeV6o3JICU5me3i0IDG+1hfmrqgzLj5k8druU=","luJO2fCMkpWgnWvDonibiWXjTeTUY2NrvjItCneSGTQ=","sdCCkPrlq//10vnZoTZNojoxzhc6yAL68kRcYS0e354=","gGpuIU/iRWTJBhKOFmZoSmfgO13iiLOCYnbGRnFP+Bg=","ewwZ9kObGMwxKlIwQnIkw/W2w3KpCgsJzTP91lpKDWA=","ZRTpc8Omdo79HAw6O9PfxsSWStvupaLXnjiuAlP3LHE=","KsRl54Anr9D6knyRJnCW1Nlz5MPEQ9i45iTPs9LMPoE=","M57IQUwLQeYsQo7Dpi7xaelFYuuiG4fJufxnsp1RRTk=","0mGIV0YMLrTyq4BdKpI+pt7kNq08bIqmKB/F5uXZXN8=","AsIXFMJXE00XhIn5E8FwBX0b/BmZGRXYvE26pCugIiM=","SgSChM5Xk/PFpYVdFg0m1mDeOb0ckIrYm6VXGVQ9c74="],"block_size":4096,"path":"lib/angular/angular.min.js"},{"block_hashes":["nvC7NzFdK7IG56kldVh11R1n+VKhM3aYkszknsEWqi4=","b5tGNABrs/IwF81BmTUxY47JcqSZ4siycTRBQ1oCf3c=","EMbapGaoZvyNfClohB5OEMMwbS1bRcQF9/vaLTIxRsA=","jOjZ/JwLIaxUMdtffrPJy/FYm8J+MSv6j6vkLKRfPus="],"block_size":4096,"path":"lib/blob/Blob.js"},{"block_hashes":["yvAnVoCKUZC8KiIUrDr7oxG1ZB5KS0XzqTYfZlLlAuY=","HHEINfKb4TcMcM1/TymM9MCBJCeBSDkVB8363ucm4M4=","5bSesMkCSi4HHsyzb/JOLv/QZZKjcxXmBILGrJGyfYM=","hnXBA9hpbVqwb7kXoFHDHN/hUOnmdmJSX4CoqTVV/4s=","gan1NoQftJz9dTsNZVYKCrOa8g+8C1+Wd+9l2jj0120=","nZR0R5CFtIHU3TqrSfuY8cV57LtzntapeH/6XeJKu4k=","8FdNW/JKmxiKP6Bbqnb29KmNUw0F/98m6SYPdotzL9U=","pNFTz/OFcIHnpqh4YzVSDaX+LrOSkD8ah/GAhm+Sx+0=","5R6XYUboTjikJbBL7fcygQ5I50Yu8sDPdWlAGWW7zno=","2ilUgbhlmudzFqC7wZHBhYLymmfhiyGmDBwHjgYtN4U=","c4odZ9Si6ScCQOI4sQingMcHO1Csd/0RHJARIw200Hg=","mwXx+KX19/50IBWJ4pkKxwl6G5msobkW4FJDKMqp6do=","EnCDU7L2tF0gxx+Jj2alPzLk6LMbJOhYpJK3enb8FfI=","0mlcI4kJjPWEX6nb41shl5759M8TsGUuYYfpgk+nUy0=","gcitoY63804k+t4wkqs0AuSoJ8VLufJfF4NgwDxkmT0=","Dmlk3XzFcW9O7/tkX3gixiSXHO/TcEt1d3IqhIoxOdI=","iFElPHT9SEGfeK44Fi8dwynqQspULOx+tqywI/IGpIg=","xdCH6BT3uH+cypGLG2NRc2TxRmveJYogulHrCriWRQY=","Lb4inPN63klEmexvaXgyB2KHnyKybpW4yN9qX4pRP4A=","oiaBqvLlSEMf7diFFYWe+jn3A4MTkX9zkbpGxuEQVRU=","HzZ71vdI03eC4RlP4kt6ONNmLM+dxE6zLhLUAJxjPBM=","o3Ih6wn2PygsQDUeY1NZNObp5BCvLJcElfIB/xb7h9Y=","V+RHVBhR4xChH1AAtIVay8jpoi88cE7xdxf5Y2TBRZk=","FHcn8HSZoGVBeNB+c8xXx7rrjsX28Y2LLwcmfVAo5mk=","NJj+WiZcwjlF1E5Y7C4ITSdZYRcNPqkoF+mOJ8fuA6M=","y4YiZobAoOQQIKSnqMgB2Sb1XBO22EZpMPID6OtclZU=","R/pFM6cnpFchN/1Kj0A9v4X5Bg/xpxofodjH3hPULvA=","KaZkPNN6HvvcSN4JGGvpaL/TA+TCw2/7k3FxOXtrHOE=","k7CNoAOXSxTGLrkBhuHpPfg0PuTXBy/JNGv8goVVIyY=","O8TM3Ju26ux4nlWb/BuZ1MQ8a3Z0WzWQt6aWLThotYs="],"block_size":4096,"path":"lib/bootstrap/css/bootstrap.min.css"},{"block_hashes":["zQqgax7s4YYE6oFJm2QkD5NiBX2AArwZdvmGImyGL0U=","x7yoXVagEHoaoj1TvwG+mXDLGdy2rlbkfefz+MuoPIk=","4m+KcqHyEqhZfhHRYdjvcMaLiWmq8kG57dnXFBM8yA0=","KFWQQrTm6nQDPIym/tMw9LHjVPqow07H12dX5G14Ib0=","nTC4avYu3XPKfdxZbZiYtW2+LD2L5LgJDu6ZYlpFIyA="],"block_size":4096,"path":"lib/bootstrap/fonts/glyphicons-halflings-regular.eot"},{"block_hashes":["DUIK+6TJHoEp2jz/YLIV7zUkVM/ZxwjyQWYnxBK509s=","EaJIT3GtLhdhg3tvJOYn2P5dzS5C8vr5AokL0ONmLHw=","sZ2L1G/3/cleL14J4US8rGlHj16NufwMNPSIjVnTHrg=","D67Vs5rnX2UVs/mVKloFe104qDdbYSpKnsvvmEOTBeo=","/cQP0QfV0v8engQgw96aXcauED4PXSEW4W9S6bvL1wE=","KyVrij5QPBLRcH4ES964CFj70Qjnp5tEHvOmfoxsP1w=","8f2TqS2fzr1gMc9BZg9Vw3JBiPHL5OD5q18F7m3JTow=","zo1YtWhNsKfH252COTV+Oo4tPmMD96L9hsMi7OQH0vw=","fi5ZEmMqb2V5Qoaf24KlM3HQ/zqZla+VBjZgQ2mxKW0=","QM2Aa69qUqql07oWX9DMbQfjfcuq8hGnm33gqQtCmzg=","G0c5Dkpv4bg0FSJOyi5ME2wzkxlilFBr6PAi3YOvfq8=","9a+NSOts/TGc3gOqJ7QPe9brvs/WaSIY5XRuW97SLyw=","Li2Wv6bY1qzBMWp1xdFfwVV3c5tfGa/UL8ZdIlfdFI8=","cWMV4XRYcbngrUYyt4TZFVW95aNZbwq/TH9OrW6rghI=","N7+GuiEpFGIxP251yQ7F1ktL9AAw2FK5fytwYuXrEjg=","wf1EEOHe+LdZ9bji09Iy//Vm2S/i0nYVxaacyowVSzU=","7xeSE89C6U+5W0sG/HeQZgIXDyVHhACxTumhnXAVE08=","I+IAGMaeqIebb7wNmSy0RFPaxXZHgwYkJfIEIuxBB4k=","4OzGv6KDnHXtmeWmyUML2ktNgtfjC4OsBS2Nu6nQ3s0=","rSKPol330BImFqKWPMfOaJgc0C7tmOE3+zmVseTXBsw=","tDVjIBbSVzLhvpAxWvj+o4w7lfVYPWoq6p/dEk8DGtI=","FPyIC609pdpgigaTauAOeKLZCCxrb8h6y2fqVw1cJ7o=","9+gYNgInDhMyGt80U7vGLoEfsH3oj7sltR8ZCVYo8rA=","QnfWd0GlbASOFt2Kihp990OjxjkT3tdJ5D5C8exUS68=","ag1P5rQCyxd/ZaHxTOU496h7VV4WfNDnzreGElkfmVg=","ZOh5vratCC7AkAR+YvKNcxrvGGzTxLCde/LIJLbHzxs=","WlIwEEGsSgfslJRC+VGcwQ+q42sWiDK9iBQh/a1K2BU="],"block_size":4096,"path":"lib/bootstrap/fonts/glyphicons-halflings-regular.svg"},{"block_hashes":["UQj8MednkP0CqG93+1hlZyJQIciadgSIQlkzFPuqO9g=","3sCb/Ral8Y5shh+upo3ZR7gr1mI0msBjOtDvOfWSP+I=","ejnIlqNn6/Fakv8AQUVxAkrgSsRImTiQFmAxopjNdFA=","+L5zRUb1EB71EhgV9Fxo7ajdmKMcnq0SyZpyT7wIpa0=","IO8iChrU81ZJhPRC6q7d3V8L9CPoB1txCv0XP7JVAxA=","CkfllfXJ/oRgYeBZaWZ5d96ndjSzl8uktfNuiv1gTu4=","29HrB/SGUYYSTJfZRctxQgeEQKIY5UF1eMTNg84xLEE=","Jg3FaCS6EeWIDET69KrSbR1aejV8kl0tE3UqO4R26eY=","x8uslvxbe193tQlYrst8RFjBUqIqo4lWWnW9/zH5CDw=","c2hlBrl5UT79AV+ypuEeUmx8Y8awJLYlL4IKv2zvYbo=","6JyPFL+/Cyoa5sGRXhW1wsrYQJLnoo1S8zgxfOF2Pdc=","qRF25AvxvZp1VJbl5MM/5EG52WJw/1IQ7moAS3vhzVo="],"block_size":4096,"path":"lib/bootstrap/fonts/glyphicons-halflings-regular.ttf"},{"block_hashes":["tZ4ReWw8lCN2x7lofUv3C6dqWH6iSH/i11YX7TMQ5jk=","3nCWhpueUFCeWduPaAaHIbx+gr8PorpnNeF0WBj+zIk=","AqugiJ1m1SQmGNLvZbpRZIHbL9z5p7VhEK7UC4s7ZZU=","sb08tG9DMsNqVy3eOd2ib2hsodvpCoUv0r4as5suLtI=","2+NvT+M34sDgWPMgxomx5GN1VcQgWyNlBwfFDex9LcA=","XS/N5mwnDp03UryRNjDEs1sjZjMxjPZAvaoJ64oemLA="],"block_size":4096,"path":"lib/bootstrap/fonts/glyphicons-halflings-regular.woff"},{"block_hashes":["x8H3vJO6KKS4+GI97KSNjgGFZClwivRQxhVB7hJ7mhk=","cjmKtvlezysLIrcpUjE1/eezGj3QOxsKL94t5eAMPWg=","okvqaADJ1XLyLubudIo4/jmMtmadT6ss2+qdKKQwdzA=","Grvfrctd0d2maQtDOhpGdNTeLMbSu/bbhsuJ/7Z6eGc=","tK+KazDXXmTkYt0j95d1yTYiDsPJH0dZrBuXp8R9XMc="],"block_size":4096,"path":"lib/bootstrap/fonts/glyphicons-halflings-regular.woff2"},{"block_hashes":["gRnR3PuV2rxBY7lFIzQbmPdjZ2JR4DRsuEYODXkdW14=","gdCLNYR1ZDG3a61YVbB7qOVjJ20Ww3SEM08PhsJQHHo="],"block_size":4096,"path":"lib/bootstrap/js/dropdown.js"},{"block_hashes":["ksKJ443kD+3CoJVxX+U9qkZIUfUAsu9tbsIGLAWXdbM=","H4nF2HOXybaPFRfZQWFdu1YBeoqBOH58X/gC+Tp7uNo=","joRSNR/8mkhpTDk7opBpmCo4rv3l8mncafnOoI3ddzU=","NPYdsMnMB5MzEFs7unPPmWSMNyak+kb0eyRfykJ2XVg=","+1nsw9sbP1cEv8J/aBpH0Xq4bc5KE5SMvbHOc/iaWZw=","rCeAECD3PSgttRFC/WYsm/oA00cElG28lxED8IPOeGM=","d1UHCP7uDEGuskmmQJngkajDnj8osyCjoMYS1TK2Jl0=","N3qlb5twggwpKe4kKbEioVhkxpxxfyIpJF6ORs0tjKo=","OHQR/vpd7XvN48V9+7dAjNM2rZMybJMntZsDDdeHD4k=","HmPKOEIq4PHrgstA4k3aGS5CfXSaprAjRTgi8eH1UNg="],"block_size":4096,"path":"lib/jquery-ui-1.10.4.custom.min.js"},{"block_hashes":["r0IN9bnKipU06AbfKpUes/IrN1u/871QDxMU2uOR7tc=","siGX9Uhl50tykBN6LIop5Ka2TkIzYqDORippBoX9sNg=","V3kBXzCx3tPzkqtGe4nML6fRxRMiWsnDpYkLQ2jXTGc=","je+FHRl3gNIlx5zmCk0EA5CwmgEkWu82rYtOo8NcvQY=","EoGQrLdC9uM13zaglvWWv/yHEnxh4EWGSVcqqAZNlhQ=","BzLNRzD+3QENkcRDI/m0yw9bUQbmDJ1vQQziTt2b3Dk=","9Hm8z17pIbFWaJKELM+RVQY/g2m/BcVTFAR2gaSy1RM=","65Cu/BDUhqU4ALE1Etaot7cen0LCCwD+rUqsmsXA/eA=","+3lTMa1Rj6HiXQ0u44+xLugAJQXrNVE8SteatGkt4e0=","Twp8++w9wDpuIU4wqOSYue7CsDMhuTE9SsONUSIkL4o=","e+zf+BpRoP/yvLoSL9/nmOXvvBQN7Y2d/q7UA+hjHnw=","9QwHxboyqi3LntDQcgUP1neOdSLE92dTt+beBxLA9X8=","f9mIhVuGgHjjqPlFy4Dcw33C+w+iinkcjLiUOU1Y800=","oZqoCKzinXAbbVsGseoonW4vQ19wDFwPJrpT7rcr9T4=","ML+6I12X6yL4a9l/aT1+MGkSzHJnnTfKPK6bnRvXUcY=","YtWco/+EfxamXpiT6qBSX3i93tDOkQJEnU8CiEkE96A=","sFn0Kj5Zqdzh7olbmwnZ+NLs+/ZhYtRR1Yeyf6nVzbA=","vQSKRXACXdvoRgTOgUlhNYQZOv2+jm8GqzkoFWv04Bo=","tgp477RjJMGW9uZrg4l8K6LSpRcTrhKrYRqY01Hr3vw=","katZwqXEp/0dIegX2UthI0pG6q09su897cQd1aDRTEo=","7OsqaR2jyQ16YA3Uy+QJoAz4oyFahbERSeY8ThFeDZ8=","lJKOTkHZ6v96dX1qVg+WZM6JI/TZ+WW9Psa3MkV9JsU="],"block_size":4096,"path":"lib/jquery/jquery.min.js"},{"block_hashes":["AAhU14J4Gv8bFupUUcHaPQfvrdNauRHMt+S4UVcaJb0="],"block_size":4096,"path":"lib/jqueryui-touch-punch/jquery.ui.touch-punch.min.js"},{"block_hashes":["z8dTx+kR+isyw2Zu5iY8DSX+HJAlno3cjagV4FaEa8c=","0qcT/rOvruBvh4tVdU5hTWT8tyu5/Mr97e0hHS3TwzA=","gZZWlLWTVcGLmxU4pIVXytpLilq2RcuARBLxyoVMyxo=","K15w4F5yqCYYYcBNURECgLxBmgCDg6alCTzqPuj44HM=","gx9dXm5KSHSdSeadhONT6Ee5f8AX5qEwCFBnq5L3VTI=","xbGTGQ4WG8Ug4lfJKV6i+1xSZWMe8VSvCwx4gicd15g="],"block_size":4096,"path":"lib/jsondiffpatch/jsondiffpatch.min.js"},{"block_hashes":["aV7S7/SopBoEq1EHj5CccctprgUSOq7IBt5Eas8o0oA=","mdZAtkCSgKqirgS9IuQPROwMJsLkP29H57MXn81HtjI="],"block_size":4096,"path":"lib/ladda/ladda-themeless.min.css"},{"block_hashes":["QX2BJPsFh+1Vok7+Gl3ifnUVu1nE7ulGXfNqLbOhydY="],"block_size":4096,"path":"lib/ladda/ladda.min.js"},{"block_hashes":["BuVU9z4OwRNPe3mPf2cGgS7++TpD3EDHO6+nPSHZOKA="],"block_size":4096,"path":"lib/ngprogress/ngProgress.min.js"},{"block_hashes":["kT0hbOTVkjRpjoJJGdwDWN3IAwiBPCP4dNMDBvAUYQI="],"block_size":4096,"path":"lib/script.js/script.min.js"},{"block_hashes":["Q4WboACNgZyVsSsA4IZB20y6YGpAaTSuGjEl81hG96o=","HMwVGmeZFiH0SdNRWYWIZQPnK8skvcZSR62aStCcNW0=","fwrKX8XYNEpuc2/a55i+YVVg0cMu96/eOa5OPKwf6ng="],"block_size":4096,"path":"lib/shepherd.js/shepherd-theme-arrows.css"},{"block_hashes":["CaTqQUAAhppDCPt9InxrByx/0F6elFIB1DEO2xpM8nM=","HjuyRnepNqcqQc7d+vw0aaFXW5hCk/2Gnryb1DqsrCw=","TvODkZ8BFasayvTaZW186tVOeh2ZHsdji3QOxDC2ZwY=","k/TJyamqfmmS08q173TZkeP8l52E+5koc4Cuuigir14=","v8doS+oE+PDmUeHhQzrXzg8PGMKnviQjQBHspAKqDmE=","xTkMkoC0qDdI0AyjVBoPZ+8QcaggSwiGdGH+O/tECWc=","IyUVUwBRbJZ8yNLVj8sLZNBl1RSvdmXItS4wpPUD/N4=","Vedw4o1zqB3hc3qMuIQkUjsHJmjkiImZv2F7bIg0z9I="],"block_size":4096,"path":"lib/shepherd.js/shepherd.min.js"},{"block_hashes":["ASFMe6VFc1acKGk/xNEW8NIbFQ7Z12c8I1EPsGsiLc8=","SIltMD3tBDWXEEyZFuZrVLScUIYwr9232tVkYncILtY=","8UgVPFlH2eImPwjH4BScFRgQkS8DI6MCeFoumMh/VKA=","C+0fAD11jEviKBEXD18E6s4LFuc8zLpnqZqjLXWqdNQ="],"block_size":4096,"path":"lib/spectrum/spectrum.css"},{"block_hashes":["RQSXDqQcuoiz3LiUmx0Kztc2kZyaUOmKZ8Ez36ZtBLs=","kXG60ophN6BpxSjTF2PorE2vjNZtf4dZeKLTVIJ7FUM=","LSmgJ8npr8sI+g3Q3Bra2OIHZqEKJpLn0caKfrbZTrA=","IIPhxVdvaCqfpyVwnXjUQICcAPjdBqc/gmuGg+eySJw=","ZCF1Uib8EI32aFT6/eI+UKnQ21KSj6reA4cbnwbeexw=","ioWTyEBybef2XQJ2FLpndVJnSsmTaad+EfOIJj0NRcE=","Tg4AdoY6zfJpJgdLMGgmY5cnbBwypYhsuA64EmpJVAo=","CBVvWLbxBgfQa6hSc/yaL5GiHyiujEXcOBT/GOWxRHs=","Kbe/UUbw7prMkxsOVTE99mcqjpQuNu3FWh68iO9u6jk=","44Ie3ZN91JMoGVGpuNMUwiCjbfeoUrlWcqSrGqgW3wE=","Mf0YVKdn56sz9oAjV54lZiioDUGa0ylvmf8qNM9j6Lo=","+6Sdm+Oa0DwcapHrfJwf/g83fyZJAa40+y/OQY2CzJY=","e8OrFsRZDXzy/ALPdOTzWPRoFxbFTnQ8T1bViZYQnVU=","bQPCu6ukdZRfhIFVFmIqIhSRs9IE6gJRLKzM2oK0zYc=","P3WFFDlBDhWwNHOtYsyYTMAOCFmkoZlggcvqbPQM3F4=","JiMeOf+WptqCYI/b3CfB2gIGa774sHEnRAZaVEwR7dI=","PmhDzIBH6g0ISBBEmWuj5k/0C1M8CIwxdgynp948jBw=","Y3IZQsm6+etUskOGYWQNolQ47prew3Y9BYvFnJLClJ0=","UF1RPHzhj3QPg358kR8H+1a0FjsYxWYbKgP6qB6J188=","/NyjKtv6vMpuDqXKWKL7PMaopIxInCGE8B3M9h4LiwI="],"block_size":4096,"path":"lib/spectrum/spectrum.js"},{"block_hashes":["CkarMcdOqBkn5WdAqmm/M2iWkFWq5fJjyn5EAVv++TA=","CYguJGqFYsxwizT3qWFdf6yKC8t0n2lWpZDAmKIxGcg=","YYxhekJ+mNb+KhWf41t+99vzaSgbwFMgGuF8hyXmVSw="],"block_size":4096,"path":"lib/spin.js/spin.js"},{"block_hashes":["HKfS6zuFgc334PRNqyxObA5BY3ZXHrxhaY8DLHTLJNA=","0rC9C9eBxnsbWzRAqXXxzQEFnDMZrCMgIMlmEViIUEQ=","hj7fvjfrUsPSeD2Kf+NxMh7i+M1XVMi13q6N7PLG69k=","6CfnfOKkD3DGrejmEF0ljca+Wh5GBjja+s4sgb01eck=","WMIsp8KzxF63/n/bLhCugXZTwdjhr7BIp/lFU7K8XEY=","QZWPPRyaC0p25/rv9GDjVBoP1F5uH7WJkeW5wZ22lXQ=","ifnmRLdxerQcnaoSMevmi+H+gkrXVCph9Cse/p4uvgE=","N683AUZ/vGu217pdnJhWKiKNBgflk/rfZRFWXB34Fy8=","4KX1VsXZHtUObWxaAy1ZgWuNyJSjwdR3inhqAK4AUgU=","xcapstH3ONQsgkK+zlU38cSmyHs9QXeBOmxr66AOH+w=","0n+UszJ5g6ie6dtK3QuFY1N+OFdvSeBzB0pj2V1mnp4=","RCWav6QzlA8EothtwP4Zotxq/UIw7osIanNM29FE8Vk="],"block_size":4096,"path":"lib/tether/tether.js"},{"block_hashes":["og7nl8fwPFrEhEez7Ji1I95Y5H+nDk5MhR5QTZC3S9o="],"block_size":4096,"path":"options.html"},{"block_hashes":["KU8IAvgwSYj92oe8P0X584ViCZdBVKfGN+l0Oyq25nc="],"block_size":4096,"path":"partials/about.html"},{"block_hashes":["808wWtujBFK+SgDlKAxGJvdrfFwqpxQNKL14JfEQZzc="],"block_size":4096,"path":"partials/apply_options_confirm.html"},{"block_hashes":["3HqskjFEgQlA/tbHRAs2R07wncfsSfS1g6US/hVuAsg="],"block_size":4096,"path":"partials/cannot_delete_profile.html"},{"block_hashes":["wdmQa6zKFSdFRkMXnP4qoUYPIB4oegcg2AbZzjO2Qq8="],"block_size":4096,"path":"partials/delete_attached.html"},{"block_hashes":["4jgureOyQ5Osy/0KOpbc5J2tCx0R5+tMCTxrUrvx/CU="],"block_size":4096,"path":"partials/delete_profile.html"},{"block_hashes":["lk4fJgqFeQS02OirdhphlyjPgVZsUCHrOGOIeD0qMqM="],"block_size":4096,"path":"partials/fixed_auth_edit.html"},{"block_hashes":["IFA8rJ6ER/5MZPMFr2cMTr5vQUVW3+43uxf6JPYIh/8="],"block_size":4096,"path":"partials/general.html"},{"block_hashes":["UQa+mmkIkCsHdQCHPs7/6jKy4On9Xd3YCvu9x83RXhg="],"block_size":4096,"path":"partials/input_group_clear.html"},{"block_hashes":["qAZUwVs9AhaNHcvQBA2Lsg4fwgQvS+Fx8QMullTnITs="],"block_size":4096,"path":"partials/io.html"},{"block_hashes":["s0dWbrBEuS4UBo6ts7XwQUQI6fALXoz0CNvvjE9XKIg="],"block_size":4096,"path":"partials/new_profile.html"},{"block_hashes":["3iB+Vh0V/6msAvtqjZ+pVpLyBvSdH05fgiFwOk5bw1w="],"block_size":4096,"path":"partials/omega_profile_select.html"},{"block_hashes":["6ciuAIM1lgp41zWXy7NjVZIXV+M0t+r7LkrPXahYrs0="],"block_size":4096,"path":"partials/options_welcome.html"},{"block_hashes":["0bld/VP5pvkmEQ21TEBp5+w4+eR2IEg76hwJAtUcjig="],"block_size":4096,"path":"partials/profile.html"},{"block_hashes":["Ac2HRoxTvytPj0pM0a+K1GohYJ3Dio14jIQHlUaoSb4="],"block_size":4096,"path":"partials/profile_fixed.html"},{"block_hashes":["FjV/EZoWsz68SxBLaKF7OHaDifvrqQRs7V8XU6AtvBE="],"block_size":4096,"path":"partials/profile_pac.html"},{"block_hashes":["2sHoZFqjMEE9yNGlM7KEwf2QTsBTgH3gLR5wnrf4tbU="],"block_size":4096,"path":"partials/profile_rule_list.html"},{"block_hashes":["KYHAqk0YsgI4prRXrfqsOqzXuNL0OtMOK7vm3tGWypw=","A9DrxueqtUvDYsyO+qfya4w698YbM68oTsEIeQsioYk=","GazT4koPdyAke0Y5ZDqbejBpsDov6ZHpu5wf/pbZTL4="],"block_size":4096,"path":"partials/profile_switch.html"},{"block_hashes":["+k/UME8JZLNty9wnfl66YGY9rCwSiRp7vTggsAbTbfo="],"block_size":4096,"path":"partials/profile_unsupported.html"},{"block_hashes":["H09oTGtLgLoyVDZ0VKAyDH3RFwwll85smii1VT/zlhg="],"block_size":4096,"path":"partials/profile_virtual.html"},{"block_hashes":["PFw8sZpJXLiwk4bcMJsI25IkKHwjsAkPXF9aX7aJPwI="],"block_size":4096,"path":"partials/rename_profile.html"},{"block_hashes":["QU7k+4yXmyV1zhLKInOUV/3tXd6jenMRnY95oknMzsw="],"block_size":4096,"path":"partials/replace_profile.html"},{"block_hashes":["VZJYCgR4WGfrm7HvlCBQR6iIidU1vCyizo8+CLiV2+w="],"block_size":4096,"path":"partials/reset_options_confirm.html"},{"block_hashes":["ED2Vbayb5doreu5QUGCWtfNqJx1Vp9VFbYVTe4oK8yI="],"block_size":4096,"path":"partials/rule_remove_confirm.html"},{"block_hashes":["JcvBOAt1vna0ouJA/aZ9+cmqPcr5llWzoNGZSiMsLGw="],"block_size":4096,"path":"partials/rule_reset_confirm.html"},{"block_hashes":["uWLWfuvIBEyfopHGx0+/Fl0URKrFlJO/8vbuKI+4DVA="],"block_size":4096,"path":"partials/ui.html"},{"block_hashes":["gdpl+hzzlk2fU4f3CiBd/mUcq0Zs+ORadVx5vO5G7gI=","QuTuOh9RtcAwfVsB0MRV1r1A676HUJVWn9KiIu75HHk=","wXVwycGqt3Qdb26D1mPB9W25dDtexB7Wh/4vIlWVEW4="],"block_size":4096,"path":"popup.html"},{"block_hashes":["RpBb+B7LBOweemZYZbrCX0EaqvSdpsKfXOQzK4fCXJE="],"block_size":4096,"path":"popup/css/dialog.css"},{"block_hashes":["nMQEQaVh1XImFVX7Eh3uVhullJ9aboFQYMQNxKQUBQg=","c9yGh4kJjjmzE3a+R1+DwE1cJXN4RnWrRqqlhn+45MI="],"block_size":4096,"path":"popup/css/index.css"},{"block_hashes":["z5+MdG05YkXeC3I+XzSucRIFl0qotecBcGPkI6P4Ik4="],"block_size":4096,"path":"popup/index.html"},{"block_hashes":["rGZJ2ElGek+OYEusITP2NvNW+fvai9L5HiOSfxlfLdM="],"block_size":4096,"path":"popup/js/i18n.js"},{"block_hashes":["lLd/H4Wq25GqifEgDW8JUJpi5hDLTJC7HH0+GEOsfq0="],"block_size":4096,"path":"popup/js/index.js"},{"block_hashes":["S5V7FyV7AtQgNa3x3ZlGuxBkV1SeSSlS2m9tSNZTpf8="],"block_size":4096,"path":"popup/js/keyboard.js"},{"block_hashes":["VWCVqHVnPdzbQuhWVsjIYc9pSoyHlpvXPEmG59uJe0o="],"block_size":4096,"path":"popup/js/keyboard_help.js"},{"block_hashes":["2kk5Dh1HxA8c1SJAq6vDsef9uc+IV8Y9GG/5Sh5t7Os="],"block_size":4096,"path":"popup/js/loader.js"},{"block_hashes":["aFeMnek1vju09ORBgkXGj8ZjuZX2T9dI0i+sKC3Qeeo=","JUndvE7e9nbmHJSOCok/uo0lfoLKex2rrfRxNQetGz8=","FUChH0/vpak4cv3n+11drHUJ7SAZZxXe6dI41ek3h84="],"block_size":4096,"path":"popup/js/profiles.js"},{"block_hashes":["ynGugNzq6fxQExsf8HFg7fsIVMbBeeNvgtQTE0MT8PA="],"block_size":4096,"path":"popup/js/proxy_not_controllable.js"},{"block_hashes":["1rgYN8UD46coJPmhKAwl2p/h9LYmVVjGbT/N4M3WDuk="],"block_size":4096,"path":"popup/proxy_not_controllable.html"}],"version":2}