{"file_hashes":[{"block_hashes":["mLiMWiZrNO2C/UbiZV9dtOxywUlqlSttsPg8CD3DgQE="],"block_size":4096,"path":"assets/bak/ic_128.png"},{"block_hashes":["A2mSDyeX54aIczxRqfItLeaBTdA8REcJ5cuRvMrFuN0="],"block_size":4096,"path":"assets/bak/ic_16.png"},{"block_hashes":["tJIwYn6HvQgCmKD72nBNQpox0Xrczqp409Qrah14xCg="],"block_size":4096,"path":"assets/bak/ic_32.png"},{"block_hashes":["UPh6Bld085oaEaHPSdPOWJzzBxeaiGu92x+t+fVnnlk="],"block_size":4096,"path":"assets/bak/ic_48.png"},{"block_hashes":["wXQ66yHXVhnoa1CfBkzG4HCpTaWXPS9lV5X2TQ7nm9s=","6Tenr1myksr+uo++VOCMkyxIjNzFQH9iSptUJp1QQMo=","SH3MzsWfzuM5wPNm/9AF1YRTrXmB+3OcJVio3nyeQOY=","l4yxy7dNEavefqS7RSYGyfBd/SzEoPnYZX7CBxAFeBs=","sYmsMXOHpGF9LbBlstX/JFNMGuXnWxNxherIwZTkIDM=","l6BrRXkE+shUbkutave0ScTGXOs1Ge3ZBpU3g2vfmT0=","JGcCSVtiV/9246QVruNLPztEwH4cv+oL1+yRI5f1j3E=","gjYxxL3AexQGq8ajzvfKdRBvNPK9fgTz3HG5I+s0ick="],"block_size":4096,"path":"assets/css/font-awesome.min.css"},{"block_hashes":["5LiA0pfTOc8LYk08bzlBxg5qxE+y5Sm9gVE9JaZbFe0=","cOpJTsY1NqcsFUsyWAlu8j8DvIyZwGDnPDFWQF3JTYQ=","iKvYei3cWI0i9NQU272yOFgCVXz3Vica3DTtAPpmeA8=","N5D8b9E6JCwUFh+hhunN1j4BOZmWHlNRHenStYbpcNQ=","BQL4PvWCgQ9mnhIU0QoxWlJz8EzizQ4qKsi2IBnz424=","YUa3Oji5y1WBxY+PMYBRGfrYco/z/U/38L8a7GixeG8=","xLZ/hH0wW5nFUPzivy3RItXxTCwAto9QvcfUd55OvTI=","LNuSm9aSzcikWzTihmg3ngNEBOG2QcWryJr/OfScd4Q=","ZNCTK1V8McpWcqcVYQnZfCjrqfCm5H99pAlE/8FL3eI=","yREdtOFEQSunN4F9fOJFlR3zYQfRq1zFHztLyhqMP0E=","HnsNzwwLDSAKf5F+zVYU/9Zj58uFIrdXLDOQugNUODc=","43aNRa202Of4QH/4nZHj6Rbof54Li5zq65hB6mugiFA=","pC0OMvISS/KGNpmwvxB5ypef7EQFB5OmEb8IqHh6VYo=","er60a+w1QAr88Qh56VbP9sxDq2zRUJyCKb5AkQzkxjs=","7rqPT7YjUdoBnWPZUo9C1cXit90ZOt5CO3fcznu8X/Y=","7TLNHQE8mVELskk2fbvykz3HWGH2JNcRi/OJzo2/DsM=","S8bZ3y1J8CtKEiK1tKP3Sr8RRKj2YIUdbYUyxi+OyJg=","2/Mg7urNBhISVTMT7wbO2p9qOQRlrOQa0pdl/eS+F6M=","0ajVKsNcOVC5Eukj3bVT9Ohj/FhwWtpgA0W286fdRTQ=","tEWMIk+5Of+FDH3VTYFBsoLeGX/8X147aTZB+kIuIW4=","tTOlWbJWEpbqfq0oCkqu0LgPjGEchXtvuMKsAQmQ38k=","trZzgJMvQLF52xSKA6SIBU+oLwJRBu1FzeLWO9zEh2w=","t8v2kWjgFRbvxPdZzgCXWQNK6Ji00+5/tjthHipjPyw="],"block_size":4096,"path":"assets/fonts/CrimsonText-Bold.ttf"},{"block_hashes":["Sj+ZQTSEmM9qggDWnBcwciWeFMeXstSbX5o14nJCEb0=","F5jf22XVX43VZgz71L1iCZ4rIBDgFD3dQztocyrRD1A=","NayBrEJemLNg7mIZvTrs38MS1FlY2taVReQ5U7MCqjs=","ME3TuHr4s/2jqabg2ClbfCik9cQQ+PtyiWDY8m2QH6E=","5acsivLW0F+HugTrn8W8zkYFMs+ndOp4VbpKhafjSkM=","eOOpuXg8gZMIG7gUcvxAhAAOqzu54KeWf0YpUYRAaqQ=","ubAwdB/wAOOXH/jWOqMxzuCpvN47ANTS8yb9VzZfHfc=","EouW0dQ3oJdi/cnuhwryzBQgFRGjqUmL8RWyQOQyxVo=","7r9dv4qF5y6iXM4qS63YvYJh/B2CNjN1sNqkL0T23dE=","YCsD5hK+3Q277wBA3Y5Gj0QlBdwWSjprh83UCsfF+W8=","UkBjcXKShKm26ApTkCs6cVSW/xlPCGW05n/+bGcGCeI=","Q08rkoSBW7JvHc14PL9KREtNcXPtvYzMwll9P06FbBQ=","h4g8J7FIsg2E1s48LR7cPSws9J2SZ+D7Se+TGPibyRQ=","7INxspecv4ORR0aWe+7nSm/s3x/z2GZ0H5iywPbyZX4=","8w9JuO5XZN0EkVj2EX8wvw08H/WYicNIzyY7mB7kYVM=","c19rV/fDg3mjOgmowcqKMIdUnJBj1xktK4l3AUPiu7E=","WJcAyPNQUITSvWHzUXbLXW8ERPZIKb1a9FhWvy4H6NI=","d2VF7MQtZYG6jkej0ZE6Efwdos7bDWjw7DeBimvXXDk=","mBb1/NBwFKTYgjXLSyGXP/Us1z/J/bFFTZf8JQhst4k=","NONbyaNGdXeVJlXh6VMpAZpIQWy+8X7NC2WDxOBS+BU=","9uBgc50jn13TAZTMfaQZB9RYrKqIGn9TBMPKN8dqgPU=","/jCohSmwkEO0w15LMbH75ltLmQqzs03VujLGYSQn6Ek=","PsGf415pAig7w4O91bdeczgZ4XNFtowDWuqNu0FmoZc=","ruynw1KNA63IL7FpljogJ5s5MpMB+FZrRpzXuTHqWRw=","+LF+ikvFMshXmo7we3fNAwhBgWlPfkcjje/J7mlJV3M=","BViVKQ/N1QzLHSRrSbUqa3gcnQU2gstEmrvyTEM70iM=","srf4YazhqEqJnU9jXGDIX/EfQrSz2oSahecZYwhLLgw=","yYHM5bctTdClXycUpF2IuerZfHkmbSB8SmCkLLbfiAg=","wUIa0sT+x73vhzW3sZ0m0wnE+UZgd8SICx2eUQ65odQ=","mI4B+j/ehjlFuHtwtnPq9fMXC29rv6A9iGv9fJFVsps=","hhSd/d6P5PkJf7oUIy05R7vwEXJzoZPNWzQhqyafnyA=","6PsVBEiw4zvL0qmOkbwfI7XR5P97N+T7OLpW+vKaDyg=","J7fgsuLyDGdwZwItOvHneVxtpLiYXdUVfL6jKxesbow=","EqGYzaxUeBVGzvo/aiKIEJ0rzQWoFVgi/zz4Sx0lVI8=","L6sXQ6jnJtGIaKRjrl+4gdi6AbJjz5gmdefG48MFZRg=","N2HfrCSHwl/lP6hVjuMWp8HO3wFKEH5RciVH3uO+hgs=","V+94z9NN4272w4Cuot7u5r9DtvmnV+2t2w70Ta/7lpU=","kiKmoQJifri6H+AkszSVXJY/mc+6QW2QaCufceamaZE=","Ux7RktI1DuPsIKViMUbq4Q2XemDNRJ9AZvA96q2ybd0=","x/b9jI3dYj/LMnspGBDDi2NgMH9/YvY2afxJnqiD+Jo=","p7+8fylsyFkdcGZp0kh0lFQeWZGf16JP7PYiB+WepPg=","BzfxsxqNIikBqFkUrkqbTORFszs5wdc5CHS3hFTtSA8=","phphaUsI0+NT1W+QFJR0B1c7Ei2aXV5kjx/fNoLmj5M=","gxBD+5H51+vFs94k6YGwQ5qGxAzA2RPx4rYMqzSa+WE=","BNhDQYuG5Cb72aYlbbViQ970WyNkMJtvKaL/uQDpwCg=","Q8a3koTvCiKw/k8fpaEbi/F8WCL+ffoUtKc/lE+fbss=","JgIJPaoVXcR4lnaw6ic2puM7yxu2oysfDHQeAhQvWjc="],"block_size":4096,"path":"assets/fonts/CrimsonText-Regular.ttf"},{"block_hashes":["kf4tMWMXO1MnhFlpa+Ba+XgT5eyMoGwaR47WeyVJUSI=","AQV9lRQdnoBfW3/m+KlXZPb6f4bg4EPOlgiVtXVO97M=","G4QreN0Q+bvPsCs7xnPDtFvCCLyfzegaTctapnMFMnE=","9ujSO3mJf0f9flaDjy58IhiETDtWkj6nq8LZa3sz6N8=","dZJMfU4+LaJWDp5yzE1sXslF/wDhyyxZngZcStZ0PXk=","gbY/TK6TgBfm3f95+rT+xiHQYvwELMjYWlvGbnRQkfE=","3wBZe0WIUVJ00Waw3su3LgIcCP7X5K9ahtli6BQ+m24=","gdFXIzjOhvHIYouj9cSuNXNT8UXYz0SJXKH5ndWAUcs=","o7eNZ8cAvOEMkPLtwUKZ8KToIRI+j9Ev8W/q6j9u16Y=","L2MCFTs58Bi7Bo4Z82O1e+nYR17XWANXu4mku2roXug=","yljndvD8CF/+BqJYojwtPGdBV7dIl+b40FYG9pOfpkQ=","6wndKGDoqa9Ay4DXkA5ILA8gwSTrferLYnw6Qkpyk6w=","VV9Mbn02MCkOEochwRrelSJfiLv5WcImEhCkpq9BZCc=","pmm9zmGwy9fGgXEhda5n375oIw8TLGRYtX77Lx/ITVM=","QQxMEeog29fLQoO/peU9l0L8G4oHbQfZcncgnVASynI=","Xw4KLLtjVeHdYlBc6YpkyNt8fpqu5TkGZsbB9ZKg9Tw=","tsNLlI30TycCuMWEwM8auov4wbWk15LVHYrYKCUfrCQ=","5n0aJGStXLWOmEShoBBEOY8SyizIlrkhCbweHGU4xZE=","UKyY6Bl4+s5pzYCkSUcBdIExEQjJT9C6jIhwIa87kqA=","M6F7p6id2p8sEiv4oM4CLGRtVhX55oAMV5G7kQU9JBQ=","2/4EgE/H0U5+Z5Ll1KarqHeNEhFp4yoc8HAqPMz2tzc=","BIxpMCL0451Yzlg6UCUBZ0fIbtrKGSu1ch5F+W+xJTE=","DbwXhaLIoRyI7HohA6kxBRh4i9LkVNkWSdw5f+L1pik=","YRvMyl6EPL2bXcbpm/h89cnoqi+axtdrKp+GfVrTYnY=","RzQPbqXWZbm0k4RXe7DgSYKIkLhlU/6UgjxEDRM426Y=","ig115ABB08kodTbmoIwYEM1KYAazEW/OKEExU+NgeeQ=","hToNgpFJG0UYjGWueTMHQ98qHoTYFL/d0/ysKylfxDw=","sCDRv0dV8yuAFmvjL1TiSoDZLF1gW/cm66GhTT3n9OA=","YIuL4LuZtwnuwLy+b2PiWlV/JkkkL3g9p5XQNzjL4GU=","+1KaToqTbxKvTldGOaGSyFWpRiCXYX02/4JfaFVjYLo=","cvNGeRXQUo/xEM9T88NVONNLQlWGZhEIx4wzltxpi6s=","UZNPfQHZg8kRrbgpwh/SBXdObCwRtp3Qyfq11aHiVEE=","pbsjkaQJQLrwR4hH8u9vFafkiUIwAXpsPXKKFlKKvpk=","wvhYqw0tWCSNkmXi+DBnTOP7l9E9GV97ChhMFsS0eX0=","7o9pBNKoTFr28ds6HnOu/9DCU1kJmIQrIXTlVyRtvtA=","BPDOHFLhyrX6NjZ5xuUhKsB1wOThrCWUUn70olnHo2o=","Nq1xXPNxd2o9oA4FyHBm3djlM+G6bNTDosJiBPPWIhA=","QOyDzfoR9rkAygW+2r+3L3w1YOlD8XRQN2+cfx9skgY=","NfChjEZR1fQZ2PnPmZ9lidT8xuN02FYdeJHP6IhM1gQ=","9SRicN9PHhnJDOOLl2xUs+eGMHY3c9V10xombdjqOjc=","gh3hRFRPowWdKTScJl2nFP1+Z8YOtqL1xSk36r7D6p0=","whW77AZUZ0u0FfpudqgoUgsimX0x4HKiNVMibkbqZJs=","Nd8jVEc2nCoCvrA9HAPY2aA8Wpl+sC14EynQyTIcEhI=","jJxD9uJICSNVDmjOWnivph5aCGElmKpWPFdt/RjMBpQ=","4fgieFtl/UkAxYGwM2AQj3VhNFjgaZvBpl7a6PZFY+8=","O7JOOG7u9IvTRmTs48UEB6LB2ud2aOMiQ/CLLAre/To=","2cXq8qjvwoGGWejWf0h7KMFb88AHWMwNj44KCz7zE3I=","er3DluwU1rU7/eJk3lfpZtDgqH6FRJJ/hBWQ+0L42gk=","32OSU9iJDdPlSKTAHZLgtUxVYlowabRjBHTutsaq8HY=","TONMaU6Dc71sfaoP1Orb/J0xBjHxB/+5qNon9kdryH4="],"block_size":4096,"path":"assets/fonts/Lora-Bold.ttf"},{"block_hashes":["GVLUn/x2gHMi39UAw+JAJKOzFpAN+FtZTs6QFxT5lDI=","VEnap8I32PaMHoO367VH9yS2dyX6HvCx5KxSi3NJhUQ=","UoGGAyQd07wrLRx4NqrmNJD6WyXgZsw9Q1cbXFyNfhE=","rw0q+ePwOLjiwTuYTBu/zZ7FNlumcBj8X+m/ye38xJM=","b0i1gufuAt72qq+EBN946b2V4NQzrQ39zvVIK+Q0e/c=","9pjRvZ6CwWVkMFEDBdQryzt7803pc1b9KfFJyd8m1h8=","HkUoM/mjU1AyIzT2IXnJfsNEZ9x5bjmtzd0/OVkDhgQ=","He0S2RQ0w5049qq7pfGfdLZe7WOj5PWPoz0NG7rnNpU=","A22F79DZaLRBhxMi01/gOgn+NphazBJPqBdWEe5BJuc=","Al+x/3ZIBP2BqlmG5VLzmVL6vn3vG5VEaw0BcH0jeHo=","Ele4piF7vCdCuYGcTWFNMs6WpCeikbxFTfNFSuuawrw=","yQNCbd6LwriFFQc0OmD4GBAV56xdw7S6ue7Ivz4pvvk=","22z1OlpdIBHlvSiSzqL4V0OFopyBm9CiATgwRyEcF7M=","Jf2NP6ae4jeIVv57TuKCA8NA4oqsjNsiVViJcQxGvWY=","XToY1/eo/XvJT2qycnssS3s7mYuJhEG1luE2sayjN8s=","kZVJQbKCJzJVXhCn0YQHFUkKe86hFlwKmys6JjWqhro=","/BtwcZVSj0KGXJKKzn/Yea7ABqzdAhp5ZYfbSdtfy0Y=","Uhz0pedGf5nFn6uZmEdRjeKUsnboaRx9q8lwqP3v7lA=","8GxZIdGFnrTeb1PK5TaUwJTxdip0DIISjNE53zPCb2E=","iBPfTD1O7ylYxMuxeuRdLLUnw0AEA960ZJeP5RTnT5U=","X6ATFTpx3tg92GP7r/8Kv4YzAlGrxNMu5PDxYsDyT9s=","99h+JsgCOSV2KyOFc9XJ4/X0o4RoUFHZwBk3wU1pqgU=","1EeB3kK0qvSHbGilHQTcbjEXae7LEShA/Vu8Db3BgeE=","kCBlKbMVlLcVp5N379UL9c6liX1IOKaAk3auv0LN6x8=","R3KWI7m5T2nGCqcLV0Gfxt1krkB3mDYgl5nQEtDHWl0=","i9+L/B4DPzRGJRlBqVLfzTLpHCK+AKDbUfw+q4ALiGU=","oz6mHbdXv90jv8Qch/qgyV12Ysd3HuYlAhELo+iRa4E=","hGoWs8vNGZlbERxOhugOjKkAz08I79bQJOZ6N6xzSP8=","cQy1Dov3dvXVKd4hcUxJgp910xCuffi8LpucgLMbKxs=","AK5T4q0cLbkXchree5alVdDwYdHqEPF4EPYDfVyccaI=","63+rvnS1vh4pkDL27WxoRSxG3PNqHBLEBPq/dgHCr34=","x3Vl+z7UJ8QqtItbCTKZmozcLXAf1K+QrRuK/CJm1zA=","5FrZF/RbEV37CfplHBsGSYTYCkItTayEM+PmSh+kPb4=","5HOmtjKjenZD3fu61qJbUIpkP0mKTZnCPkk6hucuBQQ=","pNztw1k7DOTl+SJvTxH9b7yo1tPHJtN689WA41f56tY=","MMG/crXVOn5OQzqCBvEn/6ULTT8pDYP9bZlS3/dhRlo=","Qr/FlFVhwGaDFvX+EOFtPTGsm3TT+iHPmpZK3z/b6SY=","8PyjkD37LlWI5RFF8I+O5xBM7nmhv2djMu6RKZ+e95Q=","p+54b3eqCeNQNdvf66W6RYT0rYHocWkUWbz0mhwaDI8=","RU8CkhRMHT/0WWnZpc3p2m7ga7uh6bUHRdKI0NaEA1g=","wcP/oQtzjSnDY9f0jetegC6CdtMyMe/DI6vRsXmCENE=","xwMuAyp4xIzHSq0/CHGLs7YvTYr2hsQBaQ45qm7q0ME=","kw42zEP/gAr36WpCChZYAmAwW9MoWxZkL7F0rrD2ZBQ=","AkOkH8He3AIx0yEniSN6nXLdUHncjMEIZsXdROvDD/A=","5IULVdr/LLd6lZnPMpyOk5k9K9Tiokl5RL/b+PSdUgU="],"block_size":4096,"path":"assets/fonts/Lora-Regular.ttf"},{"block_hashes":["moF14RPrrN311gmJEytEvS0RoncTKIQ4F6LXwWwe3vs=","antvnVCtP99naQJYfbemoSXqhRM+XhrWM7d7gR+wxL0=","MQ5VRtos4CAjjckZEe9W8EUI99XkMebHqNRD+qDoV+A=","xWFRhlCg9ifUWI8c/GCeBG3p9bsEg4RyJxxelxztr2U=","qJjH5PhirQYkK9d2u9LeSm+YDFS+FwCuPs2iU/SCiI8=","POzm1ghzS3CR9ILSMSuvQwkyelN8wIksFZf8MqJmQ24=","G7mpvyUPb+riSHXand056tgntqtBmyrtvtQNlXegN7Y=","KeQf9qHmegDGO9uU7m2ffPIM+sBYB00VR99gAp1DLh8=","LIWf/xv7KEsFcGrbb2GxMReXTRCuY1QbCGuhFqKU3Ls=","QOl+RxFnDc21igxMcR6kzyyILKQAaXGVPDMGCYEkm58=","xB37UWA3WQrSyR6S7P447bZqEWSt3pbQyDAiMJ620WA=","KMMenVEHD8ronxPNiEGfbmKN1j95O+Ff4+ogRUwLAyY=","6Vchr3T0cqZQ7/Hk0HPooT4aHaWLhKU2GXORa1xC87g=","e1zyNZW65qpc63sW1CoVKNSAQ7ipTvcxDgp99iwKn70=","lMgsY2J1hCYBlOfOWDra+DJvxGOzFNrCjyiXJJgKTds=","gY2emXIPKKvZVTVSuObTg5IWTuxfc0lSl8Koc5JG2Qk=","GfgIHVFzP8/TxYM4RBj2OK3DtkOzyv2j4XYeBJjlGs4=","Sa+p79o/gZtdbqhXDrc3WaEswfJkcQoeoOxgZ/SF/ec=","leKgxkqQXQdXFruxHqpN90N4H+2MQ4d/7dKBIKw2Kqs=","CqiOyqVcCUJ/OLiTXePfy1BfdNMzK1QhvwIfonA9v5Y=","m1jwVkMDDIEmkaBxCTXFXHU30xpxNCnkbtNwHm5uE78=","Wi26Jf6Cp2//cvQnDPVEbExYlvKx53kGE7oti+8i/AE=","ZLbpsA46rU2VLTl0/3ypJ/CtgrYsMDmyXGIJsybv3Go=","vvik/5TttT41GvhGQLlpHFxd8G2gQkslOXD8wycgvZ4=","gL+lPrDCE3OotclQfClFt/uLCKcoraQjTvp+H/D/zkw=","jzbTrS3tPxHOG18F01sWuz4ZIC0HvA7WuBi9GtYQe8s=","/P+YrbxZmNo8f28TuEOM4v9i6swFrVFJkCsk1ygpV90=","kfvmS4Nz8VUE9sYd2/BktEvG6EE6wzQTPK+wRYPsWT4=","gtadoNJu37fDfUce/gI2p05eleC+/kgtV4sgaa07/Fw=","fLfoi/XfZIpV1FlLVtcjYX+fOqdcIW+cShmEx8RNZ9M=","BpuZaycAg559T9z3M1S2V3t5mgYbUn94Ebs12+N9CcY=","1TeUgEcMahMm6sBopVbcmXr87zOk4bSzs1dUCMNucUQ=","Iad3xwHB0HvHRMukmKayEBb4k3NnSlS01P9K+vp7aGk=","mCH8DjNSSBLe2L2D2GTp5ThRDSUikw3WCO+BKP5fphg=","DgdzArmzIZVI8WPNxTUjLgCJ3dwiIXZAo22ij1j7aF0="],"block_size":4096,"path":"assets/fonts/MaterialIcons-Regular.eot"},{"block_hashes":["WqkC+25+tzeh2sQqrfGfeo4zRzoTLYrWKa8azxoydW8=","8FKqDc0mEbxDL0JgqALYIlUKNsmzQrlg0nTP66+nEg8=","zMAxx3/Wqy35nodSA74h9iARcDDIcky/SgWD09/qsEY=","Gs7UOpSM25mPo/BmzD5FDB+uI3/lWXHVQ5rGA8WYsV8=","MBittldYmTVETzIHrdn+wwiWRNbGFuBx9K0QhZ7jzYI=","TJsq4Tb3yr8SJdNKpv4+q3j14FeWumxKLyh8wxRQaIk=","b0nr2L5M1OiIzfZStw42BsxVCQFW5ZUzoa1dZK0eN10="],"block_size":4096,"path":"assets/fonts/MaterialIcons-Regular.ijmap"},{"block_hashes":["KKezpDA6QL663Mdtc7kGnZojoB2QGPoWJFezz8JMnuQ=","JTQmGwLVZyiU+AaPOmlq/7gO0v1isqNyES31qPVli8Y=","i3niOgqjuA5m9zGwg6IFkKAiEHBAv/zs6Rmqnc2JD3c=","16JHY1xv/acPya85D/J3NQTgHFgpXtl5LFF+jB8HP58=","1Uoi177Ayz1cJOAEM9tle3fEMD+iPNdGyEVPrkzc8mg=","9WDl7P+1tdO57pfrDskD6gB7R1j4P8Bv9Je72jJKbU0=","S06W+vkJduEcLTX+EsfaVVaMEG5Palp72hXovZ8XBmc=","dXq3e2qB36n8/PKec6Dw2DQo2jTZ1UO6Zac0IWAHET0=","RRrJRKvKqEOiiEYuWe0mf7UonoI7uP+P9NfG7yUTZcQ=","FXfHqzs6DH1KyMSDmDmAankduW7TXzuB7aK08cTVnDw=","ieHDa3fbQ/m0H0B/OtsdrMvaJcbXW3jg5YraEwPegno=","A/GKMS+5ehJ9qUeavrx0VFq4rhEmdHsBpaDu6hZR9vY=","XTcUAQlX0BPPh6OmOXBPEz5vA+tv0ux3sKjAd8VHszw=","1YlGbu9lnzM18eC0qcOcjYlJfO6GapSNRrpvNWNYZsM=","0XbL6oFoEggc4IoECGB3EIpvUGX3kc5pniRYEhYA7wE=","eArJh7+WKSKAjoK7TfyP6ktezc/V0dn56CP/2L2ULwE=","94UniRKVHzhduJ4VgDZfVdKqYDl1tm1T/0gVNtMVAG8=","EMfXxwn7f2iU2QoGa7vvCkvWqMoMJ3/DAl1w3e3jXL8=","38HkNjA/ozWY37fKK6IKbkDdjO6V0EDqlCdIWdmyJ/Q=","mB1OkMB5Zt9W4rMYBULhibz6ty076lgDTI7CyUaZ6fY=","MevGF7D1Lo1ke5vTtwNFbuqoea0VUj+ssIn+zzjeORw=","HfZjL64JMHIIsPfLRqQDSDDRxXpZRvgLud6Mzby0cu0=","Tjf01BB8/q6zKLh45sC5eRkzr9T4rM2Ct/7hk6csdDw=","6cs5HwLXA53Bp2FIKb+IrlH46mDfSqXqWHFuucUO7fY=","LWGyb2T57yS2Ilj2Vn9ggP9joi1fGiipH4F8y+MV+2w=","8Hj+FunL/iTsplG7siJ7j921q+pGC62OM7WoUvXceow=","fn7+LoUa9Bl9lIqdWuLv1nE4Ydk00OFaB3k99Hkmrjg=","HYoNm5+ZiReySqtpPVlZLI6XDda6Hje0O4sKyFrTb6w=","AYmoPNfdyNa2kNleqVQVR1FX4DXQ+udPaIGQStcZ1GU=","vbw38fBWvipL1AIUVL22T33fzmYP5CCA9CyieCI8eaw=","M6x/Pqe3+FAZ0QH1VinI+OMNzUlHpF2tZDczzZdWaLs=","2BQ0W+j9nvKpaskqUqvJP0tWWuIYLWg801vO12ixT/U=","nlppcI8DspkBX55iM5MJxOPeKwaVb8NNR1uJioKUjIs=","KIpsjQ4z8IBK77GD2mK1dcA/DRidztPmfP1HSy5t+Uk=","iGkdv5Gx2SIU8GEu6cm36eR7/YyzpvS/yrwo1YpWSZ0=","85vd/PywKhmtfxZqh7Lx7FqVSC2nqv993PZ+DMavrDE=","8//CWBp/SH7iZ6fJToT9A1prfIbZvEnoWxlwnbwiTAI=","LxG6Dp2zyAcrp3va4tKeoVizLeJYmjnhp6PLkesGtwE=","Vr9Dy/x39/ojO102GOG18C8REAq+efy1lPq+EUdrc3c=","XEQPxAC8yVw5mRJglC5sRsjfm3cG67P/W5uoGyRhlow=","7TDpzqNyfu3Bwe5Sh7zFXchw8IZZ+Hipk4oMtFMJqwI=","UizJXpAV1/SUfYDz53UbRIurwXKssD8eDIDxEK5mEVI=","6i4/o6q5DyAmAdvv332dN5vHaWntwXkf8PuZysKuKbA=","p1zoJxnjHq9yR33/O0Py1Zs9Ip+ULeY8lo/Sjx8CRmo=","9Kkqd5L74vYxMz4rstIB8AFz9TGEkMRYkXcn0a+YgkQ=","gcJ4Tkzjyrg32D1Hrv7/VoKj+3IZJHxGXC6f7zRIZKw=","PUfphFjx+ljXVFBpzgQzKUx4jDg7CfcZnY61noJVW98=","AHN2fOqh5NehuJXM55p9h3V5GH01H/nhpVHRmBThJvc=","KXUKozx3OwwMdAwjVAW1z+vEmuJkA/Va1ecXJV6eOUE=","7V/vxuZAfV6ZIzHM6+mz3uEuJFuDARGPiMlhY5ybxHY=","F03lnFQAqjJkjBO0Jxn2QyPeKQpHhueyNE0S0tSKb5Y=","wDBqTl8WJR0JYuM+qqyr0JtiQQupKh+1qWYZJ1DcZxM=","KGmoeBeDl6EeKCwss/Yucl6X9rWqX0MUxX9ZLE2dwCs=","dRgcr1jTYtSpM9jTzJl20J82Ez/By1Uo6PTc6huNOWc=","Ie2xuMBo350t86GVyMEqo+cijqH4YPBL7Lf8v0Z4jOA=","TsXiE6n3ZbrYq0BQYRfDx76kulp7+2bzNL3v/1Unbnk=","Diu2en/06S7CK/lORbsgXKPLd1DMz8n45in4FC0JmGg=","IeSUCtRys7M5HdwQODFpczmi8FQUHrKPqCHiMp9aeJc=","ZYj9H2Myh1wyCIAS9/K/nTjf3VhWF+GwlzTi5Sp/LxU=","05kIJbQJI+4Eq8ZgYn+1ysp0p1qL85UuBBmLHs0669s=","avTYyDNhbE2XntuEwju4rquZzGB3n6GkUafr+tVmaB8=","bSIGVk5nUgswtBjIvgi0ZgCxlGzCbx+udJYZWBQY014=","1yuQiryCIj2mM5CRJDroGZLuRotoFYG9q5EvvSIx9h8=","2uKYMuhyKfFxHWHXuuwX8WmjZ1TTtCs2fswD6PUtDDI=","UCk/5+x/zvYSzp5/mgGk8hfNFdce3QAOxK8irMQwiWk=","jGnQLdW6J0pRaIwot6i04XmtIgCWRRrZB2Da69hrQhg=","aXF0YNhia2AZbSfjTui3VuJt60jq7Lg302vyQetUn1s=","KtOS977vsDe7eCdpIBMscAMt6Hl9MMUmN2DP2kTiRUI=","Btg7KMUHa4ZZAMcQONMxpQMQ+AYG6oHYh+mKyLY+Qyo="],"block_size":4096,"path":"assets/fonts/MaterialIcons-Regular.svg"},{"block_hashes":["hz4c2O0/mXGOwgZNCk18BNZqXFlTKZZMdYcxbp6doXI=","XQxzUocxNQGnuE/pnxhJr8aZYGWuN37vCtAPnD7p8cI=","QBglLG2XTUiDfnfCyftahKcGWnMZ4qOrIDN8592NQYw=","RS/LOoDtn2FgsoXAtgn1PY+qNklDWr2wGebFsxDBZF8=","O5VVGOzIWK1Wem/OZpq1LTNY7qI9F6tO9wpq8FI941s=","fErSKEX7Bu/xsm4v74t52hajxHfRImjBL3PrPtJ9oxE=","VtAIfdvblJymKbPdldbPc1oG+VMn9yY5/klgA47fXGg=","J91J2huT2oPycLZxaHeHKxQt6EG8a1K/KJZsxYa9wGg=","EUf82pwPuexq303b/176/SD01d2ErCC4IRrGgmICX0s=","tuExSUidCtP/VJRSmu8sHJ1J9shPZ/Vy2SAoiquBv1E=","Lu3GhdNAjZWSfWK+c7C1a+qhjTy5F4DscYYqoa0Pzuc=","GxyXtDd3F4oiN++xPPcRVayUimi5NUJO1RtJ5NBTNEA=","c1pZ31Qd6gA5VosjsWhuUGs6Pf6WLAkvL4kAW0LP18g=","cWbrKmkTf4p43NrkTq8zBNJ3jjGdEpHuzpvPupqqdY0=","sUfZo8zqdrEmK1r7sH8Ueqsyb1He44L+OwWkjZ6ths4=","aZDL6/O27QZtDcdzUBaA27I04+hLuoqy9bQMbli9A5M=","07jTTqGjdAUGhmWvlMW+faZnbksTHFq8heJiA9U6VkM=","+cBVu0QBGgxoP5pwGBBuEDwR56oG0N6WZhf44npr+64=","fuN8yEUoYFMhg5xhk3D6j/bqg4UGqOpl0uJaDeymPjg=","0wWfvjuIfPGSPkK6UiYcACn0UDGy26hJcwLcyQft8qM=","+YHBRsEvRP6zoL3SsGpJkEKy75vDb/sLueMcPxvMOoY=","5ihOVwtz86Ki2Ew8surXOlyFp/WxazcFfz9yYOUQ8Ms=","mxu+PzHo9sEN8/4Elh7A4THc0Oq1PCIihgxuly9WXPE=","Gl3MPmbwNxARmm/Ax65oVp0DQ5Dyvsv9XFS0Dn7SE/w=","MmWGW/OAgEDzKAZvexxyDwFFt1zPcKEMXgdSDvzHnNI=","SJRakm3dSsGFwgxNONqvVo8os2hpDIVFOYRXd0irhYw=","fqxC3KS+4uJIiZlNtGwHXeU963LLxyYTRBEI9Vi1IVM=","Qn3cIN/974/Xeh9BvIZ5kYVeHwimsgJ1AJYMn4qFp4c=","7zz1o1JWZoXWNyyT9LG9AR32gT3Vn6QB8qjvjvZiR+Y=","DbdCHYXk7kd2BnITeyO/QhHW1lvYilA2UIYkBAliNAQ=","H1PSYej7BdOUX6lIN6yvqiw4XCq7AgRNsn1xfpnJU38=","o+eXLoirpIRSPurKJKJU0fqoVdYEEgDA03jiosXzflo="],"block_size":4096,"path":"assets/fonts/MaterialIcons-Regular.ttf"},{"block_hashes":["BU8+QdK5Y8VcRFiwW1tnROCVBfGQZ46XT8sEsiDPMs0=","T2+eDFZ24ftM4ozxck926euhGMfhwhoTvPp2tGyzEWI=","4mSV/metSqWW3sWOdNJa0ockTN+PE9lAWWibNDhWsMI=","7LEn/qfs/W/xQNiYJMehMMrfqkkizRNSLc7Yoiv9/7g=","enHA83x+doKU+iCfP77j/pKqQx+TxwIWutVEd3V0rrw=","gJV7Dstsie0OeyX9fA/LoEFOv+ywYX3kKHO2layXa08=","2vgUJZ60+A/qc6c1oUNTIla73i8o4Ss6qpdKfWEtJY0=","3G+JFKPUPflqRmv22O1vjN7Lh3cHgB9RmDcXK6mQr4k=","h6ntaCcA65z860INb5EDPb3UMUnjylcHbYzGKy/yZ4Y=","PJOS+i8/kMPMDcL7OByXg0nsAY2ic8HTxEqKar3xkqA=","rzJpdjn+shM1X/kk/bgC8cPTwKtqSdNPsZBj6ilME5k=","ZlIYvYD4kG+yCUuFNL7F7s+xiQhB9l9nb2h+VkwAy+Q=","rB4aukoJe4q9NQE2jhLS6FJgWyH+VGAdQ35W0A72F0I=","c9S6Uw9VvC38qgtsLRZZEItIZ5XKiUayL6GTTThA7ds=","QV0lDzz4cz8tlkwYvjT7alJWQtqfWu8G3FNH4foQ/1E="],"block_size":4096,"path":"assets/fonts/MaterialIcons-Regular.woff"},{"block_hashes":["CVwcZeCdBLev/zO3zG3N7jSSRVgNj1S0W5eK6H0vJk0=","9l9m+E5fzUp47z3InWIQXKbz688oNThx7viv66CidRo=","IWq0O1k/OMMet3iMSTe0zIZONP9dsxI62yyAnwi1KeY=","IjdrPhWAZ8VQMor7UA/REGvSpB5/NGdQSf/RKptOPJY=","Qs4HVY6+70QWD6PmMhml01zGwPMu3kGFK4ETT5B7gTI=","u832D5gY6FHxe+Op52n6RKsA4TswUjxJbN3vNLxARdo=","0/aSqpfrcGKx+hYGqOU4D6b3bgI6LP9B4KcbMwQzTR0=","QZMryEMMlptY07EkyFiJO5101Aua3qUZrat8yz9q2is=","SVdp4/OvEkQtK1GZlfo+SMmGdli5d+ZvCCndJPi5mtM=","TdKLTZ0AbdtNNi7H1+ck47l07Iz1zLQAEm/cBcef6Tg=","LpHa2hw5P3Wg8rFuqJAUJQvGnebBdoeViEia/o7z72A="],"block_size":4096,"path":"assets/fonts/MaterialIcons-Regular.woff2"},{"block_hashes":["taagciUhhmWdZiLuzPT6LaLEGrF7vIqbZmXcN/og92Q=","COs86uAiLboZs3of55vWU+wgQEbJvmDzjIpY2+2z+oc=","nxxeClPPtsXn1rly7HVyql2g5KJlFYn6iX8PtKYYS+0=","9FsWQ1lE6KrOkPZUWaRg7yNj5g6Y6zOrm9bB0+jkTQU=","V0VUfilV2FoEKvL23KsPuC2ixClBuwiDAO2BbGUuEho=","5RRzeUoEvW0WOIsBRxV4p5pwjJNg7lAT5uBvbqmYoYc=","hcfq3L9XWpr1mOGQEv4YXD3XYwgsZh7fzGAkFkzeL2M=","srvEHih7stJECTtNzHVgY5jRyUHqdQr9azzP7YxSi/8=","zgf3eUZrVWxV48rDImTmHH/0yt/DQVEdIMmGA4yJQ+I=","WfbyAMO/PmpUwUAcfRYggNPj63iiOT6npbSx+tImu+s=","h0OG/6i26cFQ9fnBeV0UHS6P4eeVXCXGlcffyz1inoc=","drEcxGP4GQJEZLsRzLw3G7R6v9xX5/o/dhnc6FXEoM0=","paYlBb9CMUgO03N0jrAtwOO0RmxATq/yOzQqsxf3XWE=","gvRmRKz2t30xQDhX28uNIqclFgD7UdkB5aQ1HV/uQ+k=","SvbsbWAeRAaZpEvw1IaaW34if4mvPlQZJchUKOUc3QQ=","jedyBRQh7P+NXnndsTYyq5QmB5PmM0wXZLck0pK8mWU=","Wj3c4Izj4Ox74JXNYc3jg00YhSUe17jVGTGZQ0YtzDg=","QQLBpP9yA6XftanHx9Lhx73Qh1nBw6WjhVfmd9pdY7o=","o5guOkCNC+XRop/AkATkbWM33oJSUq445czdDqQuJFM=","VhDoWj6gZnTqnCu0xl2YCJK/gYRDkq6j2cu6WZlxJ8Q=","5zA/FDGFiozua0s/4JIAncrE4//zsuHeK3V3flxV8JU=","96fEskg9Q8jjTNOk0tsPR1Hpf4+oAbIG5kdIZAugV90=","URPpulqRqD3cRYb3+vjWUIByhiMgdstzjc3v9B55Sl0=","jMxBa/9ddnLRKMZAsqUM84c3x2uaJ7jV8raipmsRoIg=","nul4ANFcabKsgH/UlJroIxap4YRMCyyvpYJop3FZMKc=","Nq/DSFD0HZWR8WXR4F9Tj8jbN45EKiYQG3WzZfnvsUI=","BUxq+4aPJVnw9OW/5plN7hpqgyjBzCEVZN7AeTw7m5c=","mPJJd1ZTMpsdi/UeY283uOq7m0eYLQ+WrHZ7KDfh9VM=","/FwulGHoJ5mdjcP1ASwuRqbo/ddmvmpQH+sOFySeCsE=","15KXLfuWHZz1X+1a5jupAh6DTM0ZO6uswjAmsWp2VyQ=","OvEjUApkpzMMJoTLPp8c1K4U/p233ctXieQw/hDRn4Y=","3l2Hq+Z1TdoNZKry2fxOQRnytJt1mSOpuMQg/nPArfw=","ccfcxiF40wxXYEO34/2mZyuZXk32zqAHdkKsPns7YkM=","yDfSjrf50ZPmbnsQ7VsOQkWIISHKIgNJEITt06oCSlI=","0Ae6iEMttqbw+gpvZZMN2wfrfAGzmeBjnj9WL9s1ccw=","PYfsHZ9eZrIyimVqRsXWhhIcvleJ6CmRvg1hevwdboY=","Pu9oc8V6g99N03Ny+AFEExMjz9ckyj/8qceFcK4i1XE=","XmnYMglGc9czxvMSc+tGNmZp86WcGEp7yepqzV8S1cM=","b4LNi9i/jJmBx3ftbqny3We4JaVEvzVSgqLkIMKDLeU=","QCmsjNygmimpFhA3G1vCtjnmj3XoNWdRVRU+GXkfOik=","FWe9PoYoC8gyT2fpk6RDjsudRWbo1+7QXNdTWXIwgZA=","FHXCwzo0P5ZA+WOG1Mu1wKw9MXJiJVTTnaWZFeAMQss=","CTo4Z5HJQ14hqx1spWeXXRCCov7ydki9qkAHxh7lLyI=","eBleFlGEpcCTEwpe4/qMLvIsoc6CpbZYfjRtxjzrDIQ=","i+vUHOfyHMDPd8JiQ/0nRsaHgf4rkGNZvMbtwIn07DE=","wxSxVGbtkJeD7gyde3aovBZ9tb5SN13DO6RpnDtDFa4=","UjWd2SbzKWpACjwl7R9BQ6VowFqc9T0rD6qUUs5JMUg=","MCIb4khXJzejlcM42CFJM99QyizDt7HSu+nLSxcbmaI=","RIbX+XYYMmtKhoxAYRi7sS1sStywhFpuOqfOTkMwJls=","WjlBf436Hs1LhO8F3hPaD44X4hpBwc7qshKUKWLKWec=","9gSTj2EdXvDreAFGCksm3kNkhIwaQl0KY8kORsBsVPE=","7WAiFtkqJqT0p6qtxf0cxc3Yk/H4yqAR1Moim2U+5Ds=","PCuCTlp6kQfV0FnCrzlDLRagoEw573NIYKxDX3JkknE=","Hggpfr+i3WgefJScSBUViyZIS9SReUJkXU87drkPjCY=","iCDzAgFH6Hp391OasYtFcF2grvGlQ1nbapHUzdarZo4=","L04MuNloIQOtPo7uP+LsPgWs7D8qnTUFNi1GlWm/koM=","JHIzyhWCQjzNNbd65TJ0G9Svvgb+oWB+MqpC0GqwdNE=","408T5Ixrj+p0Cb4Wp7YBX46dLfwrnU7ugXS7NoNbryY=","8Xt3kL7igb8M291w9k0qCR7eveImWJX6STUltqrYpkY=","mIQTcbILYpL5FDCzJKS3HNNTmEV9Kaz4LD0WraiVCSQ=","XKqjNGwF4R5FpEt4kyS/pEgSwaBkuEUv0EkmTjiVoPk=","3T0/mFsz9akK9/xb5j/rPsRGMvmPfy9+3U5vdr4go9w=","I8dlKXGtx19f0xzNZ+kINj/xQkjP0frrpfs1IYUFVFg=","V28QQ+EP1gUgM8YDZ0PJ4SpSDuXcV1wUur/Nu9cv9do=","lPPkBQNEflDmUAOrtMul3MvgKi2Hb1pGnKs7+A0CmmA=","9NUFhhXLfJYBn4PBuluKj4oX8qHGq9J2bCiprwdWmxo=","Dt4f/XJAdxlThjDgWTjNi0QF92A1BblIOb9aetd8zhk=","eF3AInvOxS7u1KIp4XVk6UzlBhQjqflnRySUQ2u0m80=","aE/xzMZK2AKzOfA5U2Cm7etfYHL5UADWf2K12nvti2Y=","JaB9Z9C6ghWRzgsZQQ/Lv+iHq83bJBDNdDY/icsVWRo=","jGuraHjMnpSuETD5wG6i7c2Ib6WeK15y8rfbEU+nErI=","LCkuz21emJLE80XCSlUp9OJL/rtHiJzearnqBaQREso=","HA7M/gnQo/ELunO9SHylkAqRUva6dbiYuWogo90s6iw=","Mzv0XW9HCX3FOBSfAVPTKHFQ1Pmb3lEV1Yt3/k4OlXk=","5y0z1zKhyz2SFls3IH1Hz9OpSFA0euAxHBZEFuT1SwA=","//jpx+E2G0npfCyrrpkojyzdRjxXz202YlOxh1759zU=","B0Pl7m0mh08bSpKbj6wvE2yHNm/WmGHK7O3dB/tlY5Q=","TmaIDZ54U5GuNlemxLaARCHORUJ7UPAaRDtE38fP8hQ=","6VoVozgkuaoOMg4MCUHTHSfxkXZudJqouOHxXq4CnNA=","UhtwGKmHiGZZbI3P0BA1Ro1v0Lqad9StgU1GuCmB8/s=","iLZWmpX9XC2I8YfBWWHA+pX1GCutRzAkVc8p+PIZnkE=","HLPNPqhHv/+TZ5M07JPnlwNLBYMXGxBLPG0Pfgq/NQ0=","jYzPdBvUjMq2Oq1ZHScLcKhXDlWIG64GokrMZROaKbE=","taIooq+nli7uIHy6dxxurXk3sKPBx8RYFDXdfqfVD/o=","fK90YvXHqzvFDn7nE6lACn18Za3DfiCHPrtrHdh9Y/k=","jFsZh9PIdMYmUeTH8Erhfqgrbb4m/mIbBhaDM0C2nmU=","ztHR1jQa3nLuL2pC3r+BpzcBlBIbynPYXyn0S9tE9aE=","Ph51+jfAGCBM8fWqXopj+4GXFjjKpJ21WSltU/YkZJo=","Mm1TcHnz4qNp0YViz5YqKda6hUQURNPUVOXN8M1durs=","EGdBIuU15yedECiN7z4ARdpAukxBoPNBcAw7JoypOSU=","Slhfuab1UZ5Ih9fJEPZMeFwfQAcHdo58646JkUDPYO8="],"block_size":4096,"path":"assets/fonts/NotoSerif-Bold.ttf"},{"block_hashes":["yEls13JkIZDEJbk2e0yuPBvrVwk89XsIXqTRJKKc4rU=","lPp3HQJpMYLN8+MoO8LvH16rx1dp01gydhszH+joGDo=","niKUpU1h3oZcnufF9TCM+Ax9QXOw3UHa4LOLo69TlZg=","N3xglmfGT0+osgiMpeXy+ECt7zhUGUOOCNy7msOBatA=","clqUgIrbiKH6cz4mbb66cDfRvy2jWOizlvAOE2OaI8c=","P90JAmRvhNx0GodGRrBs4gSQhdwnGe+1QVx03SI3GCo=","9zCOBRKbm34PBfxXuibjl66VeHZXzPsr53SijLJqEHk=","1CQyuIKR699g7OL6c06DRqH9fbjHRYUh1x6Xn0qm538=","jFc8cbw1TvHmOUYMGgSLXK/nZOrKhQQtYwUP/u/Wayk=","W3FkhyaD6xRxJdZt28nFW9Fz/L/jqWSst8/uEGNI0Ig=","cGXn2AxDzAk/Ar0TGLNq6NKLJ65wuRT+nycE5fGhcSE=","Xe23oXB3rsZz0IzU8LO6doOQUGxK+Nmzu/nygupOlFA=","FhHvMRB/FFhNcat5LnwZtVovTST0C8VFywrv+gd6LS8=","8Lg/c9UYknu00cvOamT6hQTHdAlMZwwujm3CBW+7P2Q=","C/Do9UIYvjI+wGT4mftXuMVSvgfkZZT4FUCMHxzJasI=","0x3E/DNmn0pl847pEXBc8Neakkju9frk222XhDzXmhQ=","qYkUecbHv9IX4Zpj7Nr2UBm97bjopj5rPn25U0KnDDA=","+at/tMfyGcCMloqf8XFaksnKjzMzZGTwyNQvbtk+gLo=","Og2i5entLR6xHBalx9d7JgHN4qwyApwl9z3JNNlnXR4=","stVhGIpYLhXVWghr3zXh5XpIGYsGktZNBkCG+BM2V7E=","zDwEGjQ/+od0oAixsqOMqYGxhm14AuVhvIV5W/wdQf8=","VDMyUH25mvNa5+MIZPXMko4btxOt4jNNersvSOPzDgQ=","nM3ucnkoyvLCC8cEEtMggYB4TR6l0jP/TjdDIk3otL8=","7OOCoOGs92E0h1EgbncGP56kV/N0aELeDbmciHHZXuk=","4pZa50RawrzkmATKEk06MU4MfXJb3cCveCM4i0xk5I0=","lnkAYkkNVR+LuqS1Sq7tyAfEB+dnl6aG88zLGeiOJ6o=","bpxwn0cPDDrY+Skj5Epp0owih3BH0j7IHKvxaLnwHpI=","p9alkj2lSCUR+CLO8DxLkY11uqP7UK0ztlxFSpFjCzA=","0SU+ZN0q2FhiB5XEIEZHMcuUEOqD6iTbb5XxBNLSeyY=","oOtbF9SbVvJ0ooomhmShjsD53XLbTmlq2yW4jIhtsIg=","b22B7JeYI9kWkuE1fJ1Jsmt4/2BSznODJ2gKfYnEBOo=","h1I8aBd4HF24i+mep4H0a4VdLXaiWuO+RpvxXrwtSnQ=","lQpp2H8SxDRU4kd5LVqLAuLl36COgOLn9DYeTYykHug=","qWC7t+hO3Am0GaDf2SN18pdsesjNfKYpWcEEMC0Pf5Y=","HyPeQjyy74oDTINPbek7mgVrrqvMnG5CzvUKIAVrHFo=","xU93X8NaeyMOX7FXQ69GFD5FRhjA6IEd0Dk6narATsA=","lpMqPHicEhqz8aUZI9tbYS4TFCu1e5Jq9Gcdsuoe5Qw=","eV0EimkKJsc35COM4+O1OzsgxL5vUXJgK3h2MMvH2/k=","CBWDBmPtVOMF6NcGLcXm9d+3JLVMsbil1gKtle02g8k=","OQHTDlauKUF2zeoBK6K6ZtZpPXuBnxBX1TqhxKnz//c=","XCX2VvzQxMBChIPOY39VdHd9379Y8ON/3LUhpCgTgO8=","/eenxVzaJC3+GH0yJ2pNJeNDDLSawZIvUkPpYcGauaY=","dDmeLvopDsG9aWGykKLbq3wPdVV9cO+Pk64jSu2y5rU=","Baw/v/mCkEL3DRpf37IeDmU4UKIJr3ORuqnMQzCEAzw=","xSzw4NVelODIJcTDNAqMCyH4czAaIHasB7H915/NTkM=","pUB2iZo+ycLv6/MZ6VE397+CcqBnQqGwDXzhb2uFhqc=","FCGcEFBvZEvEgkYwSbE8MaqV8Qsn9Ae+bUT89nLZd0c=","o54taCCZU15O6KMlX9eTjjflouV0okhlnb3ahNAN940=","yudXK7NTctpnlZ2fCDlBUjyPKKxb6DawHA7YZt6RpIQ=","6NaaRI2j3kBp4rgbHe14GurqhVeyIDbz9ZL2I6J1x2w=","uR6SGsB7PVX+5R5bqTt5zAXTIqXoism4f6WPxz4m7nk=","OfL2ukx67Yi9v1caHBPLyZxnsfWvGPklCCDQqx1M7OA=","16EiiaIH2eg+WX9cVAMmsmMwSki+QXG+41rg1UEL5JU=","j1eA5rG6iSNZKAX3Hh9oj8mNEXGwi3V+6MqBnoW2KyQ=","0S1RFeu7Cwqx+lnb1+YD7Vm7YstuBXFUaHsIshbDvmE=","nggjN/T39zBk5fb+BESROftMNBAJ0w/4tmLfer0zXVs=","IBysuKu72kaBGGqogLflaU3TXY25vL2qsmADKfpuZmA=","L0n35drtmY8QSU7UZEnYai8dhMmodaoWHuZDSIsqu+4=","NV3qmOAyshBlaOW+DtFiDQBx9ulMMG6a44IIXT/iRmQ=","OsvdsLHb7hZh1VbzWXsFTwErI9vwPemfFmKCZ97Edk4=","zfw7jHe5zOQ6K8yHbRJKM5uEMJHNKuJyrAuMfo6aIWw=","L+N5urM3A+WdWZ5EHUaGSRMLE8au6x3BPDCn9EhNQxM=","U7T9DXRzCVXrKV/KmuqsQEq71LAj5DVNh55Cq8XYYkQ=","a7JBBlNE+egY856N8X8yjG4KLd6zEE/sYD+jukaaQHs=","2RaXanmuoRVPj0Uvy1iCFhxxfds/G5VvpvSYfw+fJc4=","uwSx7Mp9w8mKDi6Ix+ak5hTOflxxvP659Q2RcxPgceU=","L1j9VLgorNb38xrESjNgKbEc+DySqsd1U9gbUTuqCQ0=","AukSfvK0dEABynX/k7fqEHtshYnjuVU8HlAfBNnFOKM=","2XTjEbNNXoWp6ZAABOVqIlwYHAqxZJGZXsUpvtm8PY0=","pDzx7hFl0P8pi+G8WiR8Im7sKAERCKUrmLsUCNX8bj4=","MqHOJlBhvcZRV9L66K1e1mbagjx/0uv3m5WCY1s9xS8=","lFdXrxF7j9pt5yGp3G/i6pd0VfeJAOs0J5ET/mwdi3E=","VaajayBocJ26xSzdhVEjl2SAJREFL7lnDwUv6rKoXro=","vGEkvJ8iGbTVZA/Pp4gGzDPvwr7L3GVA+XJZezfIbGY=","WbMxdb8+zdsQgQTjfTj8TbfJNdu75QN1EJfT5HmGCw0=","Sms6ffD8Ydddss0EhzVEGsMTV8JDBQxCWnVtIqpdSro=","K81ZUuwu8tzeWKNNWAJJyHKuVutiBmmqsoSsLdLTZzA=","XmvnCtsJoB/ugWplfQXIkniz11POMlAgiU4XfIzonE0=","b65gNF8jvekYnW1ikQxmomBQx0A+QgVpmqfRZYCBcAw=","IcjTgHXdsLvdvIujBHdVHOzXyldhzDbLQR9T03hQcXY=","qUiiGDcZWYXGka5Kx8iP/8Xu+LVpkpBYHeZjmWhKiyc=","9iqY1YnbbRabENR/WrQZUgFfc8Sj6BQwwaQVab69//w=","BXv4YGD2uGeHM2Fk3cHBZiez5fye3cGFjJiizQZYBpA=","Ynvrsgoj6x/88bjqRJfuhRyB9hi5ePfUGTkWhSx1XYA=","ZzEFyaN+zZQ25Ld3+oQIK83ifOSgQXVYlSDpdts22j0=","4tYvQN1VPEmXyteNbzQ39SIUMmgPQYiNpiGQqSkozo8="],"block_size":4096,"path":"assets/fonts/NotoSerif-Regular.ttf"},{"block_hashes":["RDEuY3H8lspqptmTe7rB7uHtgc20NN+1fJu0NqPa2Vs=","ul4Zyf2TyYbESa1dysbYfB+UBcJKM+kttjXWK6V0n7M=","4dY3QdBiLVYubbORsQZq5wbXPHjhFXDtmP845FVDKSo=","ollVqaA9ip5ix7uW06ppRB5tAaiw9rG4hc9eAx6goL4=","iB5hLg/XnAWuvZ/MaTb9nHGjgxRQz8jzqPLIcbRQk3E=","5TRIremtQg/tXYlr2KLiFgx7H7S8T84ime1+4q4pgbI=","jM9Va4u8l8tLyQcAjgYnNfOwngzOIfHsJnfW2qgeNsc=","odmmOFEcSUVxVnKCboityqOwYc205agVH4HVfAQVt6o=","I7ixqWSN29hHfqmJ+RPFvxdGqCGQxBG/53MGJrlD7rc=","wWawepAFp6YL4xmwwvGQTxVuD6qxrp3FHlBFieDrcvU=","FOi4GQ+XYQv0NgJt+8QcIQREjq3ivgCgjroPNAP4u3E=","KdRkG5sF8zUUWIkons1uIzb6bnuZBK5R6Sm4GLqlWW0=","v37AQdGUDG5Fle5WKmPMWdygjwyXnvoF2hBz/IacmUU=","F8lzDlyGsOCqyr5g1UDleD42lhCO1d8lrmGZ0fDyfMU=","6pATzrxIPVHNvnEXmfM1/8UkAW6IxlZf4lhhG1RgIl8=","VU7nNxlegZIZTNTDsVMybCz64C/YQe+F3NykV86d9AA=","PtxMslplRRvGNlWKs2k4//Q8q07+faA497PEWxc4HhM=","eNSFwN5WNznoLA96aZ6j5we9waZwFVYuSGZfFapIRC0=","FYcg5swjqU2XMKIvyqPiko272Ec/xMloAyLEEgnG+Bg=","AB6xCqT1yjBDBcg6OGWLUpD7aiCONJePbtM/8vmDgtQ=","9xziSm+eR0Zi+PwCUG0lQpP2t1iITIZS8bVY6cnUhsM=","foPq09KpSOl7nZNXvE06CHlkKxcw9Vp2YvNNI3LT+Dg=","QbKUFGjMaTMYAzDCknRXEPWPsBZWCAzqD4XfQzaPdBM=","7ElTKiWCCCtD0yBXgFOpVNNrGnTW54f8crIwDJXkgk4=","4+Eu22FULiAGvuYjQh7jF86UFC0e0gJWMdaMx3yLUF0=","L91w2R96nqmcdtSODqAjizLHvX32kT/aR5VH0OvEzgs=","7NM0gNg1wWZ4KykqM9NNhCVLPX1ge84VGYD5U/vE6Lw=","yHw3Xi+mUmKXm4HjqzRycROK/9o8S1zxUSiIm82efmo=","aOOtjzkaxstPbw8KS1W5hhF525/iUi0zmWsMraMQRm4=","ZyKJScopnlfWU5lyjFhyjI+UphQOBoTpMkKXWOQz1+g=","8n17GAjGckYA+nN10S5k0QAqmTp9yxRRy08PvRLomPs=","9gHS98iiHyv8l1zJj89vNozbEBsFemrJ+vY3uqhlANo=","SqhqPP6KDS2Q4T/yRra7SxzqMIXHqcEsgPYpFIMEy5E=","+SF1A0yi4XsOWFqW25QpgSD2JP4UyI+nPbHAn5Vnvlk=","Wmd9EKERLHd+TG4wRbtXwmXIoWeHVHE009Em4TyXObM=","/MHYck53zIvG49wNVCpFiJTovZUquCzE3h3PfJLAWSc=","QV08DXPGjsDbhbiEb5/V91imyGBh5nKCTwRKuuQfBow=","YoaxsM1k3FOcbVlASDndp/5e0qO9SOlon8trNf7hz4s=","NPaHlZsN4CpG0HDBl/hrQpig02PqLapl/q9z+TykzFI=","ZckL/QujWJlTc/Q5/l9HX9xSeHY2vNupGhyFxiFGbV8=","J4sBqeOTE+JDZLXxTJI3/EEpt1mByeP3KNUSNKjo1tA=","dGd4t/kKcvwMO+jLN9ka8mum1RNenp/zN3LA73ROnz8="],"block_size":4096,"path":"assets/fonts/Roboto-Bold.ttf"},{"block_hashes":["OwklO03+wPB6iQr7Or/jKnYhNpvsbFF/ndbmKf0zCjM=","UTOEWJwg29jJSMEfrcBo5ks9ajPtCBhc0YiHckIBHJg=","XeWOEQ0h1OqjKB7kakjkFPcAyK8B988ZY11Z6uDLeSw=","JBHOc/4w9paDGRdpyIxzT5EycrkGf/tPOVzeosbohTg=","FOIepmzbWPQYJAzAjbMAL28ffFhHpMWyJGeYEEsQVdE=","pvqMRqeUmwZqqED7fssbKsnFvfR+axX0dGder3JMfbc=","T1X4i3oWxuelHQF9dnHEWwOwWgf90cLKINXSnUqmn9A=","rKX5ena6eQtcNkg0n/jbQJ0zrf9zfNxWezjb8Zl/VSc=","RH/JTLTrDVzwItrf60ljWEVAOIVsnJ6oNuDfhxnmqEk=","xpHeGWc1QMpamfenGl1qcAER75/mEi7tV/A2ONDpisA=","5G1chhX9BixE0UQxJXUK6jO0PGB1mq6QsxKYieU7V54=","v4RycXyJShew3krOHGD04xt3mMKxIrU77ZQvRGqxmDY=","9SifsdrBTNP6G+9g2Ff0vsr/wAyAllHoEmqT96qoKgQ=","pPzhQuWrMO+DYnWzZDiEyWhppVF17i29Ds/F5yGL/bY=","CmD5mhM5dO1HOkK/VuNbUle2TgbHzVvKaMOzRrGZIvY=","C8xirskyFQTTMCiMaKfaV8CTIIssaXozaWxusiRkwKA=","Mg4z4y4XOa2cWmkPAi0HKSMJOqFWBPO0WzFpHmVd06Q=","w7DEZKrb2mxtCrLCQOL7gLqqG3Kp3MRFIDd7mYbxlIg=","uVCFXs3JpBen9B/tcViVqtpkNf9SJkkow6pIouWwLaE=","Sl522G51Nf9ue1FxbzR34yMgJrgj6rKsx5L74LX8aKI=","tV3DOs4L0IoLi6pU8aegNPSEQLxWBxu3IlQFmwEHhYo=","3wd1r/HgYaMyyfQ0Juj6i3ZKK6Q+mmYvd4Ih59U5DJM=","NEHpGIfkBPREjDQ9XAmQhwrL4CJ0Sw8G6q5c53mcn6k=","HzVrlEdqFvi1N323QO+8WedzUM9mxWI4fPWLfcZyrF8=","amvAXz80WQYHFKnIuW25fVxvW2aGPQgJYhTX6dTTbE0=","exBgJXcDc48OgtmNxYBwsqHULsMEONA7TK6iV+i12kU=","o28ax9h6kDUN5jJW8B5aIp1E5MRXaZng4m3zkzJJWPo=","sItOSIE5Sc9cF8lp46uxzqe7Et9/F9/qxfLngzCO6tI=","KiNWhkUILKY9zO/YU4fCxJhC03Imt7UMzyDXeVbaHmw=","n/p8TboSA/tDKjSgh4elKNMb/Rm25QVIuS8alC8FWa0=","isGoflybCizEkCVlxoi6xVQsHQQbQssE/ZpwP/FEeyA=","ExlvrUKwCz6XdvRwt4KlDayTSaBYVo3ruEMUHz2ELaw=","ejB0wca/oYjiM+tZcArH4CF8mxUQ3N0NnjgBPkxCpbs=","jPzQzTS1UBkLGVHPdMdzpWhRWfUkUmQ3hq1oOHpQYAc=","L2YGEgRpRUOfwi+/bBKWRM3dcVNmfsGERRyg2+zdpGI=","9gcfP4zb4YuM0m0xaGJITiKo8YMMA0brJT9gporCuvw=","npfVGFMkFRwByM+/UAl6y+lRWLGlRrd8gJZ1v49QAYk=","ui0TU34xFaovxeDqylpnwcRHvUYQ+AX0vcv08LP0o4o=","JN2NDOis/g6aHJAks+EuJ1SOUoKDDFtthleUjk/H3cA=","gITzAUofqobL79FCnNMGFVQg7AZmzI4q0JixD5PqFHc=","L32B5I7uFKu4XVkssJUUicj66Pyvv+Zyc0GvG7uULHQ=","WNd6Cjg11GcbKON0h9z4Zos38xFvR2003qBaoUre+5k="],"block_size":4096,"path":"assets/fonts/Roboto-Regular.ttf"},{"block_hashes":["41rneQFKOfzhjQA7k7jt3UnfhvPz9yNqTHXipXyXYKM="],"block_size":4096,"path":"assets/ic_print.svg"},{"block_hashes":["XhidASw35gytTMxN59fEwLCVraIj4VrK2Dvna4Aq6Os="],"block_size":4096,"path":"assets/ic_theme.svg"},{"block_hashes":["GLF8rpcA/cGgmg9pZl13x1UdqcYnsTycZDB0GOX3wdY="],"block_size":4096,"path":"assets/icons/active/ic_128.png"},{"block_hashes":["TAhjutDT0XQ8yaSPxGiJ0BSMViNomsYXR8/BY4e1j9c="],"block_size":4096,"path":"assets/icons/active/ic_16.png"},{"block_hashes":["OBcuLT4/IXtG86hUzENFCsI66w2j/fJ+8SPW7dQcm9w="],"block_size":4096,"path":"assets/icons/active/ic_32.png"},{"block_hashes":["6k2wqN9lYzEJ08WUftB3vSNHzyuVJXUTl2HyCDP2s28="],"block_size":4096,"path":"assets/icons/active/ic_48.png"},{"block_hashes":["LU3Vrj2fFAvr1fz0N9v/+d/Qued8vYjtWBtVFzmYbMw="],"block_size":4096,"path":"assets/icons/default/ic_128.png"},{"block_hashes":["L0PAimjddWvTK0OivllOsVI05M9xY0RGKZU/R0L+jSM="],"block_size":4096,"path":"assets/icons/default/ic_16.png"},{"block_hashes":["NZKxfBURb1paAnCRzJ3BIUg4KeHhUo1GG5DvVGVB0Hs="],"block_size":4096,"path":"assets/icons/default/ic_32.png"},{"block_hashes":["jphQXxGJeuXTIhPt0Q/oMmJ0DeIlTu0zJ2Vz60Rkh8Y="],"block_size":4096,"path":"assets/icons/default/ic_48.png"},{"block_hashes":["HGPokB7/HVDWdtqIjH+Cle2IwSDSoMgcN5wvc0SS+4s=","lXUgCouzh/LmVKKgtq/CmixTikYYXNVoFcxSKZCKv18=","AcpcdoHkHlvUyuA7J5cJRapuS0iSHDpmsfWiuydpN1k=","s0m9rXQfj/Uryf16zy+ifHr2OPfJv8nXZDaQ32YUbd0=","OPGOF7FQEQVxXQ6nx1fJnMBY1tJxZwrNHdRln1et5Zo=","FA+Uo0DrsV7LchMDX4lIESYlQuiNjPwoVC+QnUiMXwQ=","q3zO2zbFvZxVTpzePXGCgftm3ePQC5cytohOfIOiklI="],"block_size":4096,"path":"assets/img/share-bg.jpg"},{"block_hashes":["Fe15LwvFK9Y95qPBN9h3oAPQdt/PdlQKdmew7RRQbr4=","ysb+m9t3IyxoEZScGVO1mZj0csi+mJZ21wc214Zh9jA=","Ct/SPejNpS3EkDmj8/I+M2OvHu96Sfpv9aKs8nIcrHo="],"block_size":4096,"path":"pages/background/background.js"},{"block_hashes":["oA+DWiLzhpqMCJZTcBQJkvbglNSkjSSz2MsnesC/GWM=","0su6jj7UMFuX6Nldn5VGAwQlXyeFs5OO7MvEEHIJg1k="],"block_size":4096,"path":"pages/background/lru.js"},{"block_hashes":["OWpKhUvuR4XzKX1E+WsfTJRJYAKenCZnhDBjdKsaAew=","3/E+J9mHo6pJtiAHvkiB79IEldCiQQzULhg/YVvMR40=","EMinr1QmY7/17arjGGrSGdTWFp8zLd+yYPR81vDFOqo=","Afa17coT2pNHDHcB0rgDCfLZGaHQWXic9R2p0/s+Sx0=","I/tDBOiHQ8SkUtqqUKKzhFPsqKgX+GLyr9Cg5eUBCKY=","AV31Ehl/SRhF74ysYoReaq2Figalf5dam6tLw+QvwQI=","ix40+dY/JTH0DpZbgz3JC0+HzM5fx+azMf5PbD/6Zx0=","ikTJzbpFG9AZ1eoBzx0s9noVFGWshHuvDamqGPuHoT8=","Pu9pu4fP8UUG65h/CpuFkB1UEUPt5Ael2YvaYI5D4uE=","OxbGqQ8XPE57xc8bKw2SaklhZ3UxxcEeH8xymT4PKus="],"block_size":4096,"path":"pages/content/app.css"},{"block_hashes":["WdodloLJCQpQA6hyRC3OACh57d32tFAcWeav09ouWCc=","qbVq403R/N10ZNfpdvGWVcwxLdl0yVgfXPTdU2yiDa8=","pjvfkxlW1UaZ5TlkVyUenN0siPjb4NlPFkL/CeG1G70="],"block_size":4096,"path":"pages/content/app.html"},{"block_hashes":["KZdepiQiywt50+Wd6qawPaizNVb1KjZjfxq8carkM9o=","14ylBqnfZzYi36MJAhUihFYNdEiS+gF7auK0o6v/vzs=","fWh6zvkqnAQUUyaWwX9TL0ns0ykXlr84Wp9OyRQz0Kg=","JFRWOq5VvGkCfrDUyZfc7ikkE3eYxqsBkEj4nSwpBJo=","Y9kUoB9IaVSkbEyYtX2wNjz2++ifis6FfOJpgRRKORE=","iuyK4kEMNi7fmuD6D1Wzly8OL2zAtXCfJVijuoPDOIY=","c5YS2gHUM+Tbic+lRczjN3IjeAgbxPnJquuGQbzmQ/g="],"block_size":4096,"path":"pages/content/app.js"},{"block_hashes":["P6zfc3R+TB1nIVYVMQePfvJVI3+8auA9Q7oE3wyvWC0=","yVABWqcjAw0mxB8UiSamJX1aKMijuB+VjLiVdft3U0c=","lvk6HUyyPVNEUS50dncZ4sM93CDwtIs8oJRHVTl4BKE=","vb0xEZWPCcDKHqgWcZwF3SJAu77loMGf2qyh38tElg4=","tjAfqtJxN+FD6Yu4xRg8dUx0/oe+A8wcm8alqUOeoNo=","Z313GCpqF/JNgVh6aPApXpPMF/seRtHikMrk5FlOrWY=","CBpA4hJI1qKUo+HhwbxqQmgs5WmpThvVR1r88mqawBw=","Ssf4dW/IJF9+8rTGgrWk+6vNPMtrlyqEal+XUxDs4xE=","uTUCZ8SAYLAkSrCicWP0bJoJvM5S9Y313GaSsuD5sHc=","1rta/4TDH4z0/jJwNUtlh+WAwxbJOHfx/DV4WYojWRs=","IqpZUQiF0KpCiNhi6fSu6wkna6vLsTIOHIkrV7lhgtE=","vmvdHSEdTiM8tXgDhAbULud7K3kClxquXHfp8LDU2XY=","yoxUEeoanjtaGwCGjZmGLwO8lP25AtyVJidscz1vtR8=","2DEcg62MyQnNfdmns1ZIVZMIyfXAxXluGMjOXB0NNIY=","b6xXv/tpnK4eTo6mB2rN4VYYc475AIhwstb5ojwfcJY=","e01bO28CenNoj66v5N5Cxal53dTRLC4IBRqvGJiC6zM=","lm8A6J/KSaMTCCtHlD+dLYR0NLqaslERzdqfB07LHN8=","SbVTr+UNcToac4lFXG26+kRyzXKOm9DK8eLp400mWTA="],"block_size":4096,"path":"pages/content/clearly.js"},{"block_hashes":["cfiZPt0nek8gnB7qXWi6qUuZund2hA/SX7w07Krplv8=","MeVfXLBrx7RCRUCUTJ17y2/cy/sr1Y5VX6Exnyt3RG8="],"block_size":4096,"path":"pages/content/content.js"},{"block_hashes":["8oJg5rCsIoeIquckFOEpZD7MrF/IScDeUKY9B4lZNXg="],"block_size":4096,"path":"pages/content/env.js"},{"block_hashes":["r0IN9bnKipU06AbfKpUes/IrN1u/871QDxMU2uOR7tc=","siGX9Uhl50tykBN6LIop5Ka2TkIzYqDORippBoX9sNg=","V3kBXzCx3tPzkqtGe4nML6fRxRMiWsnDpYkLQ2jXTGc=","je+FHRl3gNIlx5zmCk0EA5CwmgEkWu82rYtOo8NcvQY=","EoGQrLdC9uM13zaglvWWv/yHEnxh4EWGSVcqqAZNlhQ=","BzLNRzD+3QENkcRDI/m0yw9bUQbmDJ1vQQziTt2b3Dk=","9Hm8z17pIbFWaJKELM+RVQY/g2m/BcVTFAR2gaSy1RM=","65Cu/BDUhqU4ALE1Etaot7cen0LCCwD+rUqsmsXA/eA=","+3lTMa1Rj6HiXQ0u44+xLugAJQXrNVE8SteatGkt4e0=","Twp8++w9wDpuIU4wqOSYue7CsDMhuTE9SsONUSIkL4o=","e+zf+BpRoP/yvLoSL9/nmOXvvBQN7Y2d/q7UA+hjHnw=","9QwHxboyqi3LntDQcgUP1neOdSLE92dTt+beBxLA9X8=","f9mIhVuGgHjjqPlFy4Dcw33C+w+iinkcjLiUOU1Y800=","oZqoCKzinXAbbVsGseoonW4vQ19wDFwPJrpT7rcr9T4=","ML+6I12X6yL4a9l/aT1+MGkSzHJnnTfKPK6bnRvXUcY=","YtWco/+EfxamXpiT6qBSX3i93tDOkQJEnU8CiEkE96A=","sFn0Kj5Zqdzh7olbmwnZ+NLs+/ZhYtRR1Yeyf6nVzbA=","vQSKRXACXdvoRgTOgUlhNYQZOv2+jm8GqzkoFWv04Bo=","tgp477RjJMGW9uZrg4l8K6LSpRcTrhKrYRqY01Hr3vw=","katZwqXEp/0dIegX2UthI0pG6q09su897cQd1aDRTEo=","7OsqaR2jyQ16YA3Uy+QJoAz4oyFahbERSeY8ThFeDZ8=","lJKOTkHZ6v96dX1qVg+WZM6JI/TZ+WW9Psa3MkV9JsU="],"block_size":4096,"path":"pages/content/jquery.min-v3.3.1.js"},{"block_hashes":["+OqW73+R3iKYNqIxuvqbpJE6uAkN7ts/ZUGPglnCGe4=","7TMX77QkTcLHSI8pBoFAB6h9SNSX4DO0BavXnrJc8Hw=","ZnsyYxwhVUgGzLUDR6DULUFi4A00VUD2XRmlrP91o2k=","nbzqEKpILloZAD3jRE4ji4sz0QGd6K0XkVoky0NsCZY=","dya/+eEg1YSR4FgxQbny9iyBayDcsJXA0IYxzC1b4+I="],"block_size":4096,"path":"pages/content/purify.min-v2.0.js"},{"block_hashes":["4hZVz6EQ/wuXPvI+dZhApVheT+kt4oB1fkH7ORxphcA=","7DdgelhbiVFXpwvmzZUehhCwQ8PsobSrl8qRjtZek6c="],"block_size":4096,"path":"pages/content/readability-readable-v1.7.1.js"}],"version":2}